video_id,title,description,url,upload_date,channel_name,channel_id,view_count,like_count,comment_count,duration,thumbnail_url,tags,category_id,search_keyword
H0z3Y9Z4QRo,5н уут PEPERO чимэглэв. | HAPPY PEPERO DAY🍫🍭 [ KOR SUB],"Энэ удаагийнхаа бичлэгээр та бүхэндээ Pepero Day хэрхэн үүссэн талаарх бяцхан түүхийг хуваалцангаа өөрийн бэлэгээ баглалаа🍬🎁
like-аа дарж subscribe-аа хийгээрэй~😇",https://www.youtube.com/watch?v=H0z3Y9Z4QRo,2025-11-11,gannana,UC2ynHcsYd6DWvpvqy1oTJDA,7992,195,28,PT7M5S,https://i.ytimg.com/vi/H0z3Y9Z4QRo/hqdefault.jpg,,22,pepero day
b34T-4YBI_U,This man remembers pepero day #dohyunkimdave #korean,,https://www.youtube.com/watch?v=b34T-4YBI_U,2025-11-11,dohyunkimdave,UCpzNnORnkqHub9E1dlIMqIA,802591,35394,286,PT27S,https://i.ytimg.com/vi/b34T-4YBI_U/hqdefault.jpg,,22,pepero day
7iu1eM6B9xI,Happy Pepero Day Straightkids 🤭🌈 #straykids #hyunjin #bangchan #changbin #pepero #shorts #fypシ,"@YouTube #views 
#youtube #youtubeshorts #ytshorts #views #viral #video #kpop #kpopedit #kpopidol #kpopdance #growth #viralshorts 
#straykids #slay #kids",https://www.youtube.com/watch?v=7iu1eM6B9xI,2025-11-11,Jennifer_ss officially stay♡♡,UCtnCIcFeS1amNhXLz9jLkPw,86967,2024,26,PT17S,https://i.ytimg.com/vi/7iu1eM6B9xI/hqdefault.jpg,,10,pepero day
xxHold33Y0M,Pepero Day #coreiadosul #coreano #kpop #pepero #korea,,https://www.youtube.com/watch?v=xxHold33Y0M,2025-11-11,Rita Folador 리타,UCSlL7RbfeGFTuTcYtHMsOKQ,49535,2896,32,PT44S,https://i.ytimg.com/vi/xxHold33Y0M/hqdefault.jpg,,22,pepero day
HgBnf_IcLKk,Come with me on a solo date to celebrate pepero day in nyc @StrayKids #kpop #vlog #pepero #nyc,,https://www.youtube.com/watch?v=HgBnf_IcLKk,2025-11-12,BOBUR,UC7KCE1o70NL-8WrZc21tLbQ,25121,1875,15,PT45S,https://i.ytimg.com/vi/HgBnf_IcLKk/hqdefault.jpg,,22,pepero day
X0KQ_hNAntc,pepero day ??,,https://www.youtube.com/watch?v=X0KQ_hNAntc,2025-11-10,itsBleg,UCrnN6F-DjXgyk597SRz1pNg,22536,1016,21,PT22S,https://i.ytimg.com/vi/X0KQ_hNAntc/hqdefault.jpg,,24,pepero day
S1TrPWm25vo,Stray Kids x Pepero Collab 🔥 Happy Pepero Day! 🍫 #shorts #bome,"It’s Pepero Day (빼빼로데이) in Korea 🍫💕 and Stray Kids dropped the cutest collab with Pepero 🔥
So I joined the fun — got the limited edition Pepero boxes, tried every flavor, and danced along with Miroh blasting 🎶
Happy Pepero Day, STAY! 💖

#shorts StrayKids #PeperoDay #빼빼로데이 #SKZ #Stay #Miroh #Kpop #KpopEdit #KoreanSnacks #KCulture #Korea #StrayKidsPepero #StrayKidsEdit #PeperoChallenge",https://www.youtube.com/watch?v=S1TrPWm25vo,2025-11-10,Uncultured Guys,UCpXN-GLS-qvN9G1aeGjXgUg,20005,1000,16,PT15S,https://i.ytimg.com/vi/S1TrPWm25vo/hqdefault.jpg,,19,pepero day
-6xAbu3nU3k,Pepero Day Explained! Korea’s Chocolate Stick 🍫 & Love Culture 💝,"Did you know that November 11th is Pepero Day in Korea? 🍫💕
It’s a sweet celebration where people exchange chocolate biscuit sticks called Pepero to show love and friendship.
In this video, we’ll introduce the story behind Pepero and how it became one of Korea’s cutest cultural traditions!

#foodstory #korea #koreanfood #history  #Foodstory #pepero #pocky #snack",https://www.youtube.com/watch?v=-6xAbu3nU3k,2025-11-07,Jung's Table,UC27_rmzJ4ig5Gto5Dft4qmw,41,3,0,PT11M44S,https://i.ytimg.com/vi/-6xAbu3nU3k/hqdefault.jpg,"food, korea, koreanfood, Korean food, History, Korean history, Food history, Food story, story",22,pepero day
hht0QES_sF0,Pepero Day with Stray Kids #straykids #kpop #timessquare,"Nov. 11th is Pepero Day? 
Found the Pepero event in Times Square with Stray Kids ad:))",https://www.youtube.com/watch?v=hht0QES_sF0,2025-11-12,Asami Style,UCkMxiU-VUU84iR9VMlDBnUw,8338,803,3,PT50S,https://i.ytimg.com/vi/hht0QES_sF0/hqdefault.jpg,"Times Square, Pepero Day",22,pepero day
5T1bzZqzqXc,HAPPY PEPERO (or Single’s) DAY! | Trying some PEPERO featuring Stray Kids #peperoday #straykids,,https://www.youtube.com/watch?v=5T1bzZqzqXc,2025-11-11,Jade Wong1,UCoE8hGv8UqkgUpBPUbNK2KQ,10361,807,3,PT44S,https://i.ytimg.com/vi/5T1bzZqzqXc/hqdefault.jpg,"Stray kids x pepero, Happy singles day, pepero day",22,pepero day
ZcUGJ8pc_ik,Happy pepero day 😂,,https://www.youtube.com/watch?v=ZcUGJ8pc_ik,2025-11-12,sallykim7,UCv-nP6YzWKo1QEJRJYuPXzQ,20513,947,10,PT1M8S,https://i.ytimg.com/vi/ZcUGJ8pc_ik/hqdefault.jpg,,22,pepero day
A51ND_2bJXo,Pepero Day in Korea 11.11 🍭🍫#peperoday #lifeinkorea,,https://www.youtube.com/watch?v=A51ND_2bJXo,2025-11-10,justjoanne,UCd3-ZiCU_NcW5YDuTtIx47A,1750,42,1,PT1M,https://i.ytimg.com/vi/A51ND_2bJXo/hqdefault.jpg,,22,pepero day
43MlVFnkP4Y,"New York City LIVE Snowy Manhattan Times Square PEPERO Day 2025 Celebration (November 11, 2025)","New York City LIVE Snowy Manhattan Times Square PEPERO Day 2025 Celebration (November 11, 2025)

💲 Support The NYC Walking Show 💲

Only YouTube Super Chats and Super Stickers will appear on live chat and trigger alerts during LIVE streams.

✔️ YouTube Super Chat & Stickers: Click the 💲 sign in the chat box!

⭐️ Ways to Support ⭐️

💳 PayPal: https://www.paypal.com/paypalme/sifatrazwan 
💵 Cash App: $thenycwalkingshow
💜 Venmo: https://venmo.com/u/thenycwalkingshow
☕️ Buy Me a Coffee: https://ko-fi.com/thenycwalkingshow

✔️ Patreon: https://www.patreon.com/thenycwalkingshow
Premium Members get custom postcards & early access to future videos!

⭐️ Amazon Storefront: https://amzn.to/3VJqEyO

🛍️ Special Offers & Discounts

Hotels, Flights, Cars, & Attractions
 • Book NYC Attractions Cheaply: http://bit.ly/3PkJxVe
 • Save on Dining: Seated (restaurant discounts) - Use code ""sifat1"" to get $10 after your first meal :
   https://seated.app.link/4fV0W0rjCGb
 • Discounted Taxi Rides: Revel (all-electric rideshare discounts) - Use code ""SIFATR4315"" to 40% off your first ride and then 25% off the following 3 rides: https://dynamic.gorevel.com/dALfDLtc7jrFsQCv9


⭐️ Royalty-Free Music Epidemic Sound: https://www.epidemicsound.com/referral/hu89b8/


🍁 Exclusive Membership Perks

Become a Monthly YouTube Member: https://www.youtube.com/channel/UCFN_dQuFU6tXwVLXppqOwpA/join
Enjoy bonus perks & early access!


🖼 Shop & Merch
• Buy My Prints: https://thenycwalkingshow.darkroom.tech
• Merchandise Store: https://teespring.com/stores/thenycwalkingshow


📲 Stay Connected
• Instagram: https://www.instagram.com/thenycwalkingshow/
• Facebook: https://www.facebook.com/TheNYCWalkingShow/
• TikTok: https://vm.tiktok.com/TTPd6wgVhs/


⭐️ Business Inquiries : 
📧 Email: thenycwalkingshow@gmail.com


🎥 Gear & Equipment 
⚠️ Affiliate Disclaimer: If you make a purchase via links, I may earn a small commission at no extra cost to you.

Recorded Camera:
iPhone 13 Pro & iPhone 14
MOZA Mini MX Smartphone Gimbal: https://amzn.to/3rTc5dr
Rode SmartLav+ Omnidirectional Lavalier Microphone: https://amzn.to/2Lqubls
Apple Lightning to 3.55mm Headphone Adapter: https://amzn.to/3XsgF0k
Insta360 ONE X2 360 Degree Camera: https://amzn.to/3xR9iGc
DJI Osmo Mobile 6: https://amzn.to/3CQGXBv


Clothing & Accessories:
Cob Small Keychain Flashlight: https://amzn.to/3kGPW1K
Fenix TK16 v2.0 Tactical Flashlight: https://amzn.to/3ixEVQ0
ULANZI LED Video Light Waterproof: https://amzn.to/3IJn1V7
Neewer Camera Bag Waterproof Shockproof: https://amzn.to/3komA2Z
New Balance Men's 1300 Trail Walking Shoe: https://amzn.to/3ANjHne
Dr. Scholl's inserts: https://amzn.to/3KjPtLY


Video Editing Software & Hardware: 
Apple 2022 MacBook Pro: https://amzn.to/3GIZOPY
Anker USB 3.0 Card Reader: https://amzn.to/3kfy7H1
LaCie Rugged Mini 1TB External Hard Drive: https://amzn.to/3CQ52IN
WD 1TB Elements Portable HDD: https://amzn.to/3XaxZHj

⚠️ YouTube Disclaimer:
Welcome to The NYC Walking Show, I really appreciate your time. While you are joining live chat, it’s highly recommended that for your and others' comfort use appropriate words and be respectful to each other. 
⛔️ Any racism, sexism, harassment, toxicity, violence, or impersonation comments will be deleted and you will be timeout automatically. 
⛔️ Don’t use CAPS or excessive emojis in this chat. 
⛔️ Please don’t ask any personal questions to the host.
⛔️ Keep political & religious discussions to a minimum.
⛔️ No self Promotion are allowed. 

Copyright @ [The NYC Walking Show & 2025]. Any illegal reproduction of this content in any form will result in immediate action against the person concerned. #TNYCWS #newyorkcity #thenycwalkingshow 

Thank you so much for your contribution and generosity! 🙏

Spooky Ride by Twin Musicom is licensed under a Creative Commons Attribution 4.0 license. https://creativecommons.org/licenses/by/4.0/",https://www.youtube.com/watch?v=43MlVFnkP4Y,2025-11-11,The NYC Walking Show,UCFN_dQuFU6tXwVLXppqOwpA,15069,639,32,PT49M16S,https://i.ytimg.com/vi/43MlVFnkP4Y/hqdefault.jpg,"the nyc walking show, new york city live",24,pepero day
sfBvaMXGA8o,🍫💕 Ultimate Pepero Day Dance Mix 2025 | Sweet Romantic Pop & EDM for Couples 👫🎉,"Celebrate Pepero Day 2025 with this sweet romantic dance mix! 🍫💕 Non-stop playlist of flirty pop hits, cute EDM beats, and love songs perfect for couples dancing, TikTok challenges, or 11/11 date nights! Share a Pepero stick and groove together! 👫🕺

🎵 Tracklist (Original Set - Repeated for full duration):
00:00:00 - Sweet Talker
00:02:26 - First to Fall
00:05:28 - Sugar Signal
00:07:42 - Midnight Confession
00:11:27 - Whisper My Name
00:14:49 - You Are My Always
00:18:21 - Sugar Rush
00:20:56 - Fall Into You
00:24:26 - Pepero Kiss
00:26:21 - Heartbeat City
00:29:13 - Glow Up Love
00:32:10 - Electric Heartbeat
00:35:00 - Say You Want Me
00:37:32 - Midnight Crush
00:40:18 - Neon Hearts
00:43:31 - Candy Cloud
00:45:53 - One More Glance
00:48:36 - Every Time You Smile
00:51:35 - On Repeat

💕 Like & Subscribe for more Pepero Day vibes, romantic playlists, and dance challenges!
🔔 Hit notifications for sweet drops!

#PeperoDay2025 #PeperoDayPlaylist #SweetDanceMix #RomanticEDM #11thNovember #Pop #EDM #CoupleDance #TikTokPepero #LoveSongs #FlirtyVibes #DateNightMix #ChocolateDance #KPopRomantic #ViralCoupleChallenge",https://www.youtube.com/watch?v=sfBvaMXGA8o,2025-11-07,"음악 한 잔, 쉼표 하나",UClQQREzTmaOfwFcq8jR-uBw,267,4,0,PT2H34M48S,https://i.ytimg.com/vi/sfBvaMXGA8o/hqdefault.jpg,"CafeAmbience, CafePlaylist, ChillVibes, CoupleGoals, CoupleMusic, CoupleSoundtrack, CozyMood, DailyVlog, DateNight, HappyVibes, JazzCafe, JazzPlaylist, JoyfulMusic, LovePlaylist, LoveSongs, MoodMusic, MusicForLovers, Playlist, RelationshipGoals, RelaxingMusic, RomanticBossaNova, RomanticJazz, RomanticPlaylist, SweetMusic, 감성플레이리스트, 경쾌한음악, 공부BGM, 데이트플레이리스트, 보사노바, 아침, 아침노래, 업무BGM, 연인플레이리스트, 재즈, 집중력향상, 카페, 카페음악, 카페플레이리스트, 플레이리스트",10,pepero day
psXB_ZQcZQo,Pepero x Stray Kids Pop Up At Times Square! ✨ #kpop #nyc #1111 #peperoday,,https://www.youtube.com/watch?v=psXB_ZQcZQo,2025-11-13,GRAZY GRACE,UC6dCQkOCDAcisZsFXE6bGVg,23645,2023,10,PT52S,https://i.ytimg.com/vi/psXB_ZQcZQo/hqdefault.jpg,,22,pepero day
K1-b7C8jvAw,happy pepero day from @StrayKids &  ​⁠@pepero.official❤️🍫 #straykids #pepero,,https://www.youtube.com/watch?v=K1-b7C8jvAw,2025-11-08,Cherry & Neon,UC4sfnKCYmXafIG5Mn3is_9A,24167,4096,20,PT59S,https://i.ytimg.com/vi/K1-b7C8jvAw/hqdefault.jpg,,22,pepero day
4PIU7n-ME7o,happy pepero dayyy,,https://www.youtube.com/watch?v=4PIU7n-ME7o,2025-11-12,Clara Kim,UCZYhQZLd5GX5jg1gHK3UbCQ,3276,170,4,PT15S,https://i.ytimg.com/vi/4PIU7n-ME7o/hqdefault.jpg,,22,pepero day
MJcXa7uZQGY,Happy Pepero day 👀❤️l #straykids #skz #shorts,,https://www.youtube.com/watch?v=MJcXa7uZQGY,2025-11-11,StrayKidsFunnn,UCvKgYx8BrcrP7V-7yL4-RPQ,8338,0,7,PT43S,https://i.ytimg.com/vi/MJcXa7uZQGY/hqdefault.jpg,,10,pepero day
3NFaD7wRl38,Where to get Stray Kids x Pepero in the Bay Area?? #straykids #peperoday #jagalchi,"BAY AREA STAYS!!! Go get your Stray Kids x Pepero at Jagalchi 🤩🤩

📍Jagalchi
63 Serramonte Center, 
Daly City, CA 94015

Be sure to go ASAP to get your exclusive Stray Kids X Pepero poster in celebration of pepero day 11/11 ❤️

I’m so happy I finally got my hands on these 🥺 they’re so delicious and skz my favs ofc were the cherry on top 🥰

#straykids#pepero#skz#straykidsxpepero#kpop#bayarea#kpopreels#jagalchi#jagalchimarket#peperoday",https://www.youtube.com/watch?v=3NFaD7wRl38,2025-11-10,Alyssa Tan,UCCwO0Gjdq_bnkryZBGylX1Q,6043,379,5,PT1M12S,https://i.ytimg.com/vi/3NFaD7wRl38/hqdefault.jpg,,22,pepero day
9HKgd0_tVjI,What is Pepero Day in Korea? 🍫🇰🇷 (It’s not Valentine’s Day 😳) | #minivlog #lifeinkorea #shorts,💌Instagram: iqra._.imran07,https://www.youtube.com/watch?v=9HKgd0_tVjI,2025-11-11,iqra Korea,UCKmlM5b8Y0j3zv0cXbGr3LQ,10018,0,12,PT44S,https://i.ytimg.com/vi/9HKgd0_tVjI/hqdefault.jpg,,22,pepero day
hVFG5QoZJFo,빼빼로데이엔 베이컨말이,"빼빼로데이엔 베이컨말이
#빼빼로데이엔베이컨말이 #베이컨말이 #빼빼로데이요리 #이색요리 #특별한요리 #간단요리 #초간단레시피 #자취요리 #집밥요리 #한그릇요리 #홈파티요리 #트렌드레시피 #MZ레시피 #요즘유행요리 #신박한레시피 #레시피추천 #집에서간단히 #이벤트요리 #선물요리 #요리공유 #푸대접시리즈 #웃긴요리 #병맛요리 #오늘뭐먹지 #간편요리 #간편레시피 #간단레시피 #초간단요리",https://www.youtube.com/watch?v=hVFG5QoZJFo,2025-11-13,요리하는 과장 요과장,UCEWZJyigWxHd-c4NrGxh6mA,50745,333,18,PT12S,https://i.ytimg.com/vi/hVFG5QoZJFo/hqdefault.jpg,,22,pepero day
lZTHEHdb7Jc,Stray Kids X Pepero ad in Times Square! #skz #straykids,,https://www.youtube.com/watch?v=lZTHEHdb7Jc,2025-10-25,Danielle Scott,UCb8QCKlqYE2NH1UPgH_h5AQ,2124,273,5,PT14S,https://i.ytimg.com/vi/lZTHEHdb7Jc/hqdefault.jpg,,24,pepero day
DzjjvVfdAl8,Happy Pepero Day - cute little animation,"It's Pepero Day, and I wanted to do a cute little animation. 

─── ˖  ݁𖥔.☁︎.𖥔 ݁ ˖ ───

🌙✨ Welcome to Softfuwadreams ✨🌙
☁️ Feel free to subscribe to my channel  ⁨@softfuwadreams⁩  

─── ˖  ݁𖥔.☁︎.𖥔 ݁ ˖ ───
♪ CREDITS ♪ 

ART & ANIMATION:
All illustrations and animations are created by me — @softfuwadreams⁩  

BGM:
@zukisuzukiBGM - https://zukisuzukibgm.com/cure/
SFX:
Pixabay - Sound Effect by freesound_community from Pixabay
@dyellguillem - Popular Sound Effects Vloggers_Youtubers Use - 2020

─── ˖  ݁𖥔.☁︎.𖥔 ݁ ˖ ───

SOCIALS:
Find more of my artwork here:  
🎨 Instagram → https://www.instagram.com/fuwadreams/  
☕ Support or shop → https://ko-fi.com/fuwadreams  
𝕏 https://x.com/fuwa_dreams

─── ˖  ݁𖥔.☁︎.𖥔 ݁ ˖ ───

Thank you for watching!

#softfuwadreams #shortanimation #storytelling #peperoday #pocky",https://www.youtube.com/watch?v=DzjjvVfdAl8,2025-11-11,Fuwa 🌙 dreams,UC5R5iYf0oR05pwhlzN7swkg,12,3,1,PT22S,https://i.ytimg.com/vi/DzjjvVfdAl8/hqdefault.jpg,"softfuwadreams, digital art, digital artist, animation, short animation, illustration, cute art, dreamy art, cozy art, cosy art, cozy animation, cosy animation, aesthetic art, emotional art, story art, storytelling art, boba art, kawaii art, relaxing art, art shorts, youtube shorts art, cozy vibes, cosy vibes, cute animation, food related art, pocky, pepero day, pepero animation, pocky animation, pocky day",1,pepero day
YtHUBIqMYIY,Pepero Day #koreansnacks #빼빼로데이,,https://www.youtube.com/watch?v=YtHUBIqMYIY,2025-11-11,Pokmini,UCatF9M6RaReZva3VvuWX73w,3076,134,4,PT1M1S,https://i.ytimg.com/vi/YtHUBIqMYIY/hqdefault.jpg,,24,pepero day
36GsY790Gn0,Stay Vlog (?) | Kbee Expo & Pepero Day,"Tag along on my adventures in preparing for two performances with my team @ILOVEDANCENYC  ! We had the opportunity to open the kbee concert for taemin and hwasa, as well as put on a little performance for the pepero x stray kids event",https://www.youtube.com/watch?v=36GsY790Gn0,2025-11-13,calicoals,UClKmJbw9Ly42V0_wWeS4idw,142,9,2,PT10M16S,https://i.ytimg.com/vi/36GsY790Gn0/hqdefault.jpg,,24,pepero day
wYmAC7mTi8A,Part 1: Stray Kids x Pepero Day Unboxing♥️#straykids #straykidsedit #skz #skzedit #kpopskz #skzstay,,https://www.youtube.com/watch?v=wYmAC7mTi8A,2025-11-08,somee,UC5ly7BSvkcBmtLxpwkyAaAA,15501,2158,44,PT2M59S,https://i.ytimg.com/vi/wYmAC7mTi8A/hqdefault.jpg,,22,pepero day
IwECxyiagMQ,What is Pepero day in Korea? #korea #peperoday,,https://www.youtube.com/watch?v=IwECxyiagMQ,2025-11-11,Anastasija Zalomajeva,UCB3OAwirHWOlDI62zFQ9b6Q,5278,234,4,PT53S,https://i.ytimg.com/vi/IwECxyiagMQ/hqdefault.jpg,,22,pepero day
xDC0mbTDd7E,빼빼로를 만들어요 Making Pepero🍫,"코토의 빼빼로 데이
Koto's Pepero Day
コトのペペロデー

#koto #ai #funny #코토 #빼빼로 #빼빼로만들기 #peperoday #cute",https://www.youtube.com/watch?v=xDC0mbTDd7E,2025-11-05,코토 Koto,UC_Ip_A5hbzyHBatFgXNYtlw,30,6,0,PT1M5S,https://i.ytimg.com/vi/xDC0mbTDd7E/hqdefault.jpg,"코토, 빼빼로, 빼빼로 만들기, 애니, 빼빼로 추천, 빼빼로데이, 빼빼로 먹방, 빼빼로 만드는법, ai, cute, funny, koto, coto",24,pepero day
rao9oLo9ykI,"See you next year, Pepero Day 🥲  #Straykids #skz #pepero #빼빼로",,https://www.youtube.com/watch?v=rao9oLo9ykI,2025-11-11,Chelbokki,UCejtZVldulIDBSF7_0_qPqg,13239,1010,15,PT10S,https://i.ytimg.com/vi/rao9oLo9ykI/hqdefault.jpg,,22,pepero day
Ty4V7pxO2-w,Pepero Day ♥️ #1111 #peperoday #pepero #desikorean #foryou #pakistan #korean #kbeauty #fyp,,https://www.youtube.com/watch?v=Ty4V7pxO2-w,2025-11-11,Desi Korean,UC493hWmdORG3p_q297LXtmQ,4908,0,9,PT18S,https://i.ytimg.com/vi/Ty4V7pxO2-w/hqdefault.jpg,,24,pepero day
DMfA9Mp7udE,Crumbl cookies of the week ft my pepero day date #crumbl,,https://www.youtube.com/watch?v=DMfA9Mp7udE,2025-11-12,rachelle yu,UCMet_4guXh4JgYKQkL2NjgQ,6359,548,8,PT1M41S,https://i.ytimg.com/vi/DMfA9Mp7udE/hqdefault.jpg,,22,pepero day
UqqIdwMP9Ho,Apa itu Hari Pepero di Korea? #kpop #shorts,,https://www.youtube.com/watch?v=UqqIdwMP9Ho,2025-11-11,Domain Korea,UCf9YpenmQGEkvFozYTK4OxQ,212345,12308,85,PT30S,https://i.ytimg.com/vi/UqqIdwMP9Ho/hqdefault.jpg,,22,pepero day
rU0r8APbjEw,Taehyung’s Funny Reaction When Reporters Mentioned Pepero Day! 🍫💜,,https://www.youtube.com/watch?v=rU0r8APbjEw,2025-11-12,Bro Beats,UCwAvZXDF8fUUbSuotfzBiLg,16566,773,2,PT25S,https://i.ytimg.com/vi/rU0r8APbjEw/hqdefault.jpg,,24,pepero day
tcR9YIucb3E,Stray Kids Pepero Day Bubble Updates #felix #bangchan #straykids #kpop #han #leeknow #bubble #in,"Stray Kids members share updates on Bubble about Pepero Day. 

Kpop members include Felix Hyunjin Bang Chan Han Lee Know Changbin I.N and Seungmin",https://www.youtube.com/watch?v=tcR9YIucb3E,2025-11-12,Mozempicc,UCJ_MOqF1MX8rwLagrN0sUyg,9251,1686,8,PT1M1S,https://i.ytimg.com/vi/tcR9YIucb3E/hqdefault.jpg,"Stray Kids, Kpop, Bubble, Updates",24,pepero day
BCqJbeR2k18,Skz pepero OMG ITS SO CUTE #straykids #skz #peperoday,,https://www.youtube.com/watch?v=BCqJbeR2k18,2025-11-12,Skzquokka_bias,UCSSV4M-XYKeTB5PYuo2PQ1w,76939,4082,36,PT12S,https://i.ytimg.com/vi/BCqJbeR2k18/hqdefault.jpg,,22,pepero day
8TPvDl0Bnb8,Ready for Pepero Day with Stray Kids 🥰 #pepero #straykids #skz  #singlesday #1111 #felix #changbin,,https://www.youtube.com/watch?v=8TPvDl0Bnb8,2025-11-09,Samm,UC-LE5UmfoqI_lNU0yRm_inQ,27126,1823,24,PT13S,https://i.ytimg.com/vi/8TPvDl0Bnb8/hqdefault.jpg,,22,pepero day
0jdhU1AOJBM,Pepero Day! #straykids #kpop,,https://www.youtube.com/watch?v=0jdhU1AOJBM,2025-11-12,Novelleandmommy,UCL272B7HlV5ZUNBs5B5Xpkw,823,31,1,PT12S,https://i.ytimg.com/vi/0jdhU1AOJBM/hqdefault.jpg,,24,pepero day
Oq6tozlf4tY,Today! Pepero Day (South Korea),,https://www.youtube.com/watch?v=Oq6tozlf4tY,2025-11-11,hoho choi,UCxx8WjAGOYjkLMRUiUDfNhw,2,0,0,PT8S,https://i.ytimg.com/vi/Oq6tozlf4tY/hqdefault.jpg,,20,pepero day
T_vwQtWz1cA,[Playlist] Pepero Day💕 Songs We Wanna Listen Together | 11.11 Love Songs,"November 11th – Pepero Day! A sweet playlist to share with your crush💌
🎧 Remix BGM + Chocolate ASMR vibe
Play it together and confess your feelings~
#PeperoDay #November11 #SongsToListenTogether #SweetPlaylist

🎵 Tracklist (Original Set - Repeated for full duration):
00:00:00 - Heartbeat City
00:02:51 - Glow in the Dark
00:06:49 - Chocolate Crush
00:09:24 - Pepero Kiss
00:11:19 - Out of My Head
00:14:41 - You Are My Always
00:18:12 - Whisper My Name
00:21:34 - Before You Knew
00:24:16 - Electric Heartbeat
00:27:06 - Love On Repeat
00:29:56 - Glow Up Love
00:32:53 - Candy Beat
00:35:10 - Every Time You Smile
00:38:09 - Fall Into You
00:41:40 - Choco Love
00:44:05 - Heartline
00:47:24 - Paper Hearts
00:49:56 - Love in Bloom
00:52:59 - On Repeat

📌 Subscribe to our channel for more relaxing music: @Playlist-Melody-official
👍 Please like, subscribe, and turn on notifications! 🔔

#PeperoDay #1111 #SongsTogether #CouplePlaylist #LoveSongs #SweetVibes #ChocolateASMR #KpopPlaylist #RomanticMusic",https://www.youtube.com/watch?v=T_vwQtWz1cA,2025-11-09,"음악 한 잔, 쉼표 하나",UClQQREzTmaOfwFcq8jR-uBw,60,2,0,PT2H39M,https://i.ytimg.com/vi/T_vwQtWz1cA/hqdefault.jpg,"CafeAmbience, CafePlaylist, ChillVibes, CoupleGoals, CoupleMusic, CoupleSoundtrack, CozyMood, DailyVlog, DateNight, HappyVibes, JazzCafe, JazzPlaylist, JoyfulMusic, LovePlaylist, LoveSongs, MoodMusic, MusicForLovers, Playlist, RelationshipGoals, RelaxingMusic, RomanticBossaNova, RomanticJazz, RomanticPlaylist, SweetMusic, 감성플레이리스트, 경쾌한음악, 공부BGM, 데이트플레이리스트, 보사노바, 아침, 아침노래, 업무BGM, 연인플레이리스트, 재즈, 집중력향상, 카페, 카페음악, 카페플레이리스트, 플레이리스트",10,pepero day
N9z00HiXm3c,🌞 HAPPY PEPERO DAY TO… | STRAY KIDS FLASHBACKS INCL’D #straykids #skz #kpop  #peperoday,"🌞 IT’S PEPERO DAY!!! And although I’m not in Korea, I feel like I can celebrate Pepero Day my way. 

🎁So, here’s a quick little video with some SKZ Pepero flashbacks and a shout out to my online besties: 
@lisab1854  
@ZeynepNeva-n8j
@LollyGreen-g3n 
@Kpop_et_animes 
@Stay_Blink_Monstie_Army 
@ fl_solenn

We may all live in different corners of the world, but when YT gets it right, this is what it looks like. It’s been a blast! You guys are all awesome, just as you are! All the best today and every day just because you’re you! 

To everyone: thanks for watching this video and Happy Pepero Day to you as well! Even if you don’t celebrate it, I hope you take a moment today to smile and remember how awesome you are and maybe just maybe, let someone else know the same. 😄👍

😃 As always, see you in the next video! 

😁*MY CHANNEL?*  STRAY KIDS, GAMES, SHORTS, GOOFY POLLS RANDOM VIDEOS LIKE THIS ONE,  KPOP IN GENERAL (I like a lot of groups so they'll appear from time to time), and always POSITIVE. That’s it. No space for negativity. Spam/any perceived disrespect for anyone will be deleted. 

🎉🎉BONUS CONTENT: 

2025 PEPERO Global Campaign Video Release with Stray Kidsㅣ빼빼로 X 스트레이 키즈 글로벌 캠페인 광고 영상 공개
https://youtu.be/7NoQ3io-IcA?si=ZMpMZudbYkVPPRJo 

🔥 Like this video and subscribe if you want to see more positive KPOP and SKZ content → https://www.youtube.com/@everythingelse_underthesun?sub_confirmation=1

#kpop #straykids #bangchan #hanjisung #leeknowstraykids #jeongin #hyunjin #seungmin #changbin #felix",https://www.youtube.com/watch?v=N9z00HiXm3c,2025-11-10,Everythingelse Under the Sun,UCHyTtFnA0avjbJtGFZNDRpQ,3077,413,8,PT22S,https://i.ytimg.com/vi/N9z00HiXm3c/hqdefault.jpg,"kpopgames, kpopanimation, kpopfun, kpopchallenge, kpopcomics, straykids, stray kids, stay, Bang Chan, bangchan, lee know, leeknow, Hyunjin, Felix, HanJiSung, Seungmin, I.N, Jeongin, Changbin, stray kids pepero day",10,pepero day
LgptDgS42hg,Reporter asked V's plan about Pepero day💜❤️ #taehyung #kimtaehyung #ytshorts #viralshort #v #love,,https://www.youtube.com/watch?v=LgptDgS42hg,2025-11-12,KCdramaTaekook,UC0nqigJE9Y8buzlAyfvgYMA,6420,644,10,PT22S,https://i.ytimg.com/vi/LgptDgS42hg/hqdefault.jpg,,22,pepero day
He9jWTsAMAQ,Did you know November 11 is Pepero Day in Korea?,,https://www.youtube.com/watch?v=He9jWTsAMAQ,2025-11-10,Go! Go! Hanguk Live & Study in Korea,UCl2VS9GkrIygXOQZWgOC9bw,1798,20,0,PT29S,https://i.ytimg.com/vi/He9jWTsAMAQ/hqdefault.jpg,,27,pepero day
cq1npKZGtjY,Pepero Day Times Square NYC,"Pepero Day November 11th at Times Square. Celebrating Pepero X Stray Kids collab. Complimentary snacks, stray kids photo cards, photo ops, spin the wheel, games and win prizes and endless dancing. #peperoday #straykids #timessquare #nyc #newyorkcity #minivlog #shorts #youtube #november #thingstodo #dance #kpop",https://www.youtube.com/watch?v=cq1npKZGtjY,2025-11-12,mimisees,UCEqSUZ3I7MJ9HsljqpXEnTw,1377,63,3,PT1M2S,https://i.ytimg.com/vi/cq1npKZGtjY/hqdefault.jpg,,22,pepero day
rstpZZW3C80,Kim Taehyung immediately checked his phone when he realized… It Was Pepero Day Yesterday…😭🍫,"Finally, it’s confirmed — Kim Taehyung will attend the TIRTIR Pop-up! He’s now departed for LA to join the event on November 15, which will be held at 8175 Melrose Avenue.

Look at how polite Taehyung is with the media people. When one of the reporters told him they also use TIRTIR products, his reaction was absolutely adorable. Another reporter even asked if he had eaten Pepero yesterday — and Taehyung immediately checked his phone because he totally forgot it was Pepero Day. No wonder K-media loves him so much; you could see the reporters smiling brightly as they sent him off.

Besides that, BTS’s V also took a moment to post an Instagram story to cheer on students for the CSAT exam. It’s so funny — he forgot Pepero Day, but didn’t forget the start of CSAT day instead..



HAVE A SAFE FLIGHT TAEHYUNG
TIRTIR AMBASSADOR TAEHYUNG 
V FACE OF TIRTIR

#VxTIRTIRGLOBAL #TaehyungxTIRTIR #V #Kim Taehyung #뷔 #김태형 #태형 #テテ#BTS #방탄소년단 #KimTaehyung #BTSV #TaeTae #TIRTIR #TaehyungInLA #VPopUpEvent #TaehyungTIRTIR #TaehyungCute #TaehyungReaction #VAirportFashion #VUpdate #TaehyungNews #TaehyungFans #BTSARMY #TaehyungPeperoDay #BTSV2025 #TaehyungSupport",https://www.youtube.com/watch?v=rstpZZW3C80,2025-11-12,D'AMY,UCyr5z8Fn0uWoKmw2vjkDmlg,9902,497,12,PT1M45S,https://i.ytimg.com/vi/rstpZZW3C80/hqdefault.jpg,"Kim Taehyung, Taehyung TIRTIR, BTS V LA, Taehyung Pop Up Event, BTS V Airport, V TIRTIR Melrose, Kim Taehyung Los Angeles, Taehyung Pepero Day, BTS V CSAT message, Taehyung cute reaction, BTS V reporters, TIRTIR LA event, Taehyung interaction, V Kim Taehyung 2025, BTS V fanmeeting, V airport fashion, BTS V update, BTS V news, Taehyung Instagram story, BTS V adorable moments, korean CSAT day",24,pepero day
-ux0FjKpoQs,Pepero Day Themed Video,#RomanticVibes #PeperoDay #shorts,https://www.youtube.com/watch?v=-ux0FjKpoQs,2025-10-26,JustFun,UCMElkohq5uodGucnn9CE4jA,430,1,0,PT24S,https://i.ytimg.com/vi/-ux0FjKpoQs/hqdefault.jpg,,22,pepero day
AIjNBGmm6dQ,"Not #valentine day, its #Pepero day! ❤️ #food #foodie #Korean #culture #funfacts",,https://www.youtube.com/watch?v=AIjNBGmm6dQ,2025-11-02,mylainternational,UCTDHutLQTdkG8sR8rmYQy9Q,2153,23,1,PT32S,https://i.ytimg.com/vi/AIjNBGmm6dQ/hqdefault.jpg,,22,pepero day
2zfQJgSV41A,Happy Pepero Day! #trending #reels #kpop #peperoday #funny #btsindia #jin #fyp #viral #shorts #foryp,,https://www.youtube.com/watch?v=2zfQJgSV41A,2025-11-11,NoonaTalk,UCcON1kqAIdS7ZKgn0tX9pvg,3131,6,2,PT9S,https://i.ytimg.com/vi/2zfQJgSV41A/hqdefault.jpg,,24,pepero day
4NXmhiEpL1g,"Pepero Day, Valentine nya orang Korea. #faktaunik #faktamenarik #peperoday",,https://www.youtube.com/watch?v=4NXmhiEpL1g,2025-10-27,Jelajah Fakta ,UCf8hA6cOhAbvtFzHszr71wQ,36226,516,2,PT29S,https://i.ytimg.com/vi/4NXmhiEpL1g/hqdefault.jpg,,22,pepero day
IdV8gsZ77gk,Pepero Day Hype!,,https://www.youtube.com/watch?v=IdV8gsZ77gk,2025-11-11,🌙𝗟𝘂𝗻𝗮𝗩𝗶𝗮𝗰𝗶𝗻𝗮𝗿𝗹𝘁𝗼𝗻𝟳𝟴𝟯𝟱💜,UCCP1NZo1hPeiImjnxIa7Bpw,24,2,0,PT3S,https://i.ytimg.com/vi/IdV8gsZ77gk/hqdefault.jpg,,22,pepero day
4Bi3auRGSRI,I couldn’t help myself at Seoul Stop 😩 #pepero #straykids #kpop #spendingproblems,,https://www.youtube.com/watch?v=4Bi3auRGSRI,2025-11-08,Cherlene,UCmGfStIMlmpIujWX5mbP1DA,25391,1004,22,PT6S,https://i.ytimg.com/vi/4Bi3auRGSRI/hqdefault.jpg,,22,pepero day
dlowtDQt-JM,1시간 연속 빼빼로데이 노래 모음🍫 11월 11일 특별한 플레이리스트 #빼빼로데이  #11월11일 #달콤한음악,"🍫1시간 연속  빼빼로데이 특별한 노래 모음집 🍫

11월 11일, 빼빼로데이를 더욱 특별하게 만들어줄 달콤하고
따뜻한 노래들을 정성스럽게 모았습니다.
소중한 사람에게 마음을 전하고 싶은 순간,
친구들과 함께 즐거운 시간을 보낼 때,
혹은 혼자서도 달콤한 하루를 보내고 싶을 때
언제든 함께할 수 있는 곡들로 가득 채웠습니다.

📝 Chapter (타임스탬프)
00:00 달콤한 약속
03:20 빼빼로 같은 사랑
06:27 11월 11일 너에게
09:31 달콤한 약속 (편곡버전)
12:53 배빼로 같은 사랑 (편곡버전)
15:47 11월 11일 너에게 (편곡버전)
(Repeat)

💝 11월 11일, 빼빼로데이의 특별함을 음악으로 느껴보세요.
이 영상이 여러분의 하루를 더욱 달콤하고 행복하게 만들어드리길 바랍니다.

🔔 구독과 좋아요는 더 좋은 음악 컨텐츠 제작에 큰 힘이 됩니다!
💬 댓글로 여러분만의 빼빼로데이 추억을 공유해주세요.

📝본 채널의 모든 음악은 수노AI를 활용해 직접 제작한 오리지널 음원이며,
특정 아티스트나 기존 저작물을 모방하지 않고 창작되었습니다.

📧 비즈니스 문의: hiddensound594@gmail.como
© 2025 트로트라운지. All rights reserved.

#빼빼로데이 #빼빼로데이노래 #11월11일 #달콤한음악 #로맨틱플레이리스트 
#카페음악 #힐링음악 #감성음악 #연속재생 #배경음악",https://www.youtube.com/watch?v=dlowtDQt-JM,2025-11-08,음악라운지,UCI7p9YD4c537nkttNWjAqzw,380,4,0,PT1H17M53S,https://i.ytimg.com/vi/dlowtDQt-JM/hqdefault.jpg,"#트로트라운지, #힐링음악, #편안한음악, #트로트, #감성트로트, #빼빼로데이, #11월11일, #카페음악, #감성음악",10,빼빼로데이
KUPM3prKTg0,빼빼로데이🤍 달콤함은 덤✨ 사랑은 진심✨ #빼빼로데이 #꽃다발 #기념일선물 #기념일,"이제 슬슬 빼빼로데이 준비하셔야죠🤍

빼빼로만 전달해도 좋지만
조금 더 로맨틱하게 전달하고 싶을 때
플라담 샤넬 꽃다발과 함께 선물한다면.. 감동 백배😊

사랑하는 연인에게 사랑하는 마음 듬뿍 담아 전달해보세요

분.명.히 행복해 하실거에요🫶🏻

이번 빼빼로데이 플라담과 특별하게✨",https://www.youtube.com/watch?v=KUPM3prKTg0,2025-10-20,플라담,UCEnaxoiJ54qt0hnXW_P_EzQ,3633,15,1,PT12S,https://i.ytimg.com/vi/KUPM3prKTg0/hqdefault.jpg,,19,빼빼로데이
QW2bmKKTGPA,옅어진 빼빼로데이 특수‥ 자영업자들 '울상' (2025.11.11/뉴스데스크/춘천MBC),"지역사 채널의 동영상 링크 (https://youtu.be/CdyW6wIRQKM?si=mxf-jm8GzAT5Xsdu) 

#춘천MBC #뺴뺴로데이 #11월11일 #자영업자
#MBC #뉴스 #뉴스데스크 #MBC뉴스 #뉴스투데이
ㅤ
ⓒ MBC & iMBC 무단 전재, 재배포 및 이용(AI학습 포함)금지",https://www.youtube.com/watch?v=QW2bmKKTGPA,2025-11-12,MBCNEWS,UCF4Wxdo3inmxP-Y59wXDsFw,526695,3701,4329,PT1M50S,https://i.ytimg.com/vi/QW2bmKKTGPA/hqdefault.jpg,"MBC, MBC뉴스, 뉴스데스크, newsdesk, 뉴스투데이, newstoday, 8시뉴스, 아침뉴스, 뉴스, 정오뉴스, news, 실시간, 실시간 뉴스, 엠비씨 뉴스, 엠비씨, 뉴스 실시간, 뉴스속보",25,빼빼로데이
ysvqbbpJIK4,여자가 주는 호감 신호인가요? (* 빼빼로데이 필수영상!!),"🔽사랑/이별에 관한 홍차 첫 에세이🔽
'마음대로 미워해도 돼'
부크크: http://bit.ly/hongcha_essay
예스24: https://bit.ly/hongcha_yes24
전자북: https://bit.ly/hongcha_love_

🔅 인스타 https://www.instagram.com/hongcha_._/
🔅 상담 진행은 오로지 유튜브 라이브 방송에서만!
🔅 방송시간 21시 10분 / 휴방 랜덤
🔅 협찬/광고 : hongchatv@gmail.com

⏩ 엔딩 노래 풀버전
https://on.soundcloud.com/Snm7E",https://www.youtube.com/watch?v=ysvqbbpJIK4,2025-11-11,홍차 HONGCHA,UCEZ5yqYZtvAjNLb__1dd1SQ,10035,159,12,PT7M27S,https://i.ytimg.com/vi/ysvqbbpJIK4/hqdefault.jpg,"연애, 홍차, VLOG, 홍차TV, 연애사연, 연애상담, 연애의참견, 연애초보, 여자가, 남자가",24,빼빼로데이
Wi-XMSuyS7w,🌟💝다이소 재료로 빼빼로 만들기부터 포장까지 | 빼빼로데이 선물 | 초간단 빼빼로 3종 만들기 | How to make simple Pepero,"다가올 빼빼로데이를 위해 올해도
초간단!! 3가지 빼빼로 만들기 아이디어를 가져왔어요💝
다이소에서 산 구하기 쉬운 재료에
아주 간단한 방법까지! 재료 조금만 사도 만들 수 있어요!
요즘 유행하는 아이템들은 덤!
걱정말고 이번 빼빼로데이 선물 도전해보세요 (*ˊᵕˋ*)ﾉ

1) '초코칩쿠키' 가나디 빼빼로
    (다이소에서 빼빼로 스틱을 못 구하신 분들에게 추천해요~~! 재료도 3가지면 된다는 점!)
재료 : 화이트 코팅초콜릿, 다크 초코펜, 초코칩쿠키

2) 다이소 말차 빼빼로
     (요즘 녹차는 빠질 수 없는 재료!! 다이소 녹차 파우더로 만들어보세요 ㅎ)
     (달달한 맛이라서, 진~~한 말차 좋아하시는 분들은 100%말차 구입하시는걸 추천드려요💚)

3) 다이소 빼빼로 만들기 키트


다이소 초콜릿도 충분히 맛있지만
더더더 맛있는 빼빼로를 선물하고 싶다면

코팅초콜릿 1 : 커버춰 초콜릿 1의 비율로 
섞어서 만들면 맛도 있고, 굳기도 잘 굳는 
빼빼로를 만들 수 있답니다 ദ്ദി๑⃙⃘ˊᵕˋ๑⃙⃘ )


#빼빼로만들기 #다이소 #빼뺴로데이


00:00 오프닝
00:25 초코칩쿠키 가나디 빼빼로
02:30 다이소템 말차 빼빼로🌱
04:17 다이소 빼빼로 만들기 키트
05:52 다이소템 포장법
 






music ------------------------------------------------------------------
Music by 브그미언 Track 선물받고 리액션 https://www.youtube.com/watch?v=rKJc-cWQmXg
🎵Music provided by 브금대통령
🎵Track : It's a Great Show! - https://www.youtube.com/watch?v=AqNTMvYGgG8
Oneul -  https://www.youtube.com/watch?v=c0FHvZOUJQE&list=RDc0FHvZOUJQE&start_radio=1
🎵Music provided by 브금대통령
🎵Track : Merry Go Round - https://www.youtube.com/watch?v=GWZE4jqIZ10&list=RDGWZE4jqIZ10&start_radio=1
Music by 브그미언 Track 선물받고 리액션 https://www.youtube.com/watch?v=rKJc-cWQmXg
공유마당 - 행복이 열리는 날 - 심태환
좋은 음악 감사합니다 🥰",https://www.youtube.com/watch?v=Wi-XMSuyS7w,2025-11-07,삐유 _ 홈베이킹,UCWi8b84fdEWGagiw2LWTCRA,168720,5766,192,PT8M8S,https://i.ytimg.com/vi/Wi-XMSuyS7w/hqdefault.jpg,"베이킹, 홈베이킹, cookingvlog, bakingvlog, 빼빼로만들기, 빼빼로, 쉬운빼빼로, 다이소, 다이소빼빼로, 빼빼로데이선물",22,빼빼로데이
I2zw62IBfCg,"초콜릿 없는 신박한 빼빼로!쫀득 빼빼로 만들기(빼빼로데이, 쫀득쿠키)","#빼빼로#빼빼로데이#쫀득쿠키#수제빼빼로#


▽▼ 더보기란을 꼭 확인해주세요  please click on the down below ▽▼

▶ 화질  2160p로 설정 후 시청해주세요 ◀

☆""좋아요""와 ""구독""은 영상 제작에 큰 힘이 됩니다. ^^  ""좋아요""와 ""구독""버튼 꾹- 눌러주세요 ~❤


◆ 레시피 무단도용을 금지합니다. 
◆ 레시피 클래스사용하지 말아주세요.
◆ 인스타에 레시피 그대로 퍼가서 올리지 마세요. 
◆ 레시피는 꼭 영상 출처를 남기고 사용해주세요. 
◆ 영상의 재 업로드 및 2차 편집 하지마세요.


인스타그램 -  https://www.instagram.com/baking_again_today

비지니스 문의 :  audwlsg@naver.com




안녕하세요! 오늘도 베이킹입니다. 😊
오늘은 다가오는 빼빼로데이에 선물하기 좋은 신박한 빼빼로를 만들어봤어요!
초콜릿 없이 만드는 빼빼로랍니다. 😊
작년부터 많이 유행중인 쫀득쿠키를 보며 아이디어를 얻어서 마시멜로우를 녹여 코팅한 빼빼로인데 말랑 쫀득한 식감이 정말 좋더라구요. 👍
 
만드는 방법도 간단하고 쫀득 하게 쭉- 늘어나는 비주얼과 식감도 정말 좋아서 이번 빼빼로데이에 저도 지인들에게 선물할 계획이예요!

영상에 몇가지 팁과 포인트도 있으니 잘 보시고 만들어보세요. 👏

그럼 오늘도 즐거운 베이킹 되시길 바랍니다. ❤




* 사용한 제품 * ( 쿠팡 파트너스 활동의 일환으로 이에 따른 일정액의 수수료를 제공받습니다.)
- 마시멜로우 : ( https://link.coupang.com/a/c1Jcbq ) 
- 스틱과자 : ( https://link.coupang.com/a/c1JeUO )
- 포장상자 : ( https://link.coupang.com/a/c1JgtU )
- 빼빼로 5개 쏙 들어가는 포장봉투 ( https://link.coupang.com/a/c19TFW) 
- 탈지분유 : ( https://link.coupang.com/a/c1JhUZ )
- 탈지분유 대체 전지분유 : ( https://link.coupang.com/a/c1JjxW )
- 무염버터 : ( https://link.coupang.com/a/c1JjYA )
- 코코아파우더 : ( https://link.coupang.com/a/c1Jki2 )
- 딸기 쿠키 크런치 : ( https://link.coupang.com/a/c1Jlke )
- 망고 쿠키 크런치 : ( https://link.coupang.com/a/c1JlGf )
- 녹차 쿠키 크런치 : ( https://link.coupang.com/a/c1Jm0g )
- 포도 쿠키 크런치 : ( https://link.coupang.com/a/c1Jnip )
- 쿠키 크런치 : ( https://link.coupang.com/a/c1JnFH )
- 초코 쿠키 크런치 : ( https://link.coupang.com/a/c1Jn0g )




🥢 쫀득 빼빼로 🥢

▶ 재료 ◀ 11cm 빼빼로 약 25-28개 분량

✏ 기본 쫀득 빼빼로
빼빼로 스틱 과자 약 25-28개(11cm)
마시멜로우 100g
우유 20g
무염버터 10g
탈지분유 10g
쿠키 크런치 약 150g

✏ 초코 쫀득 빼빼로
빼빼로 스틱 과자 약 25-28개(11cm)
마시멜로우 100g
우유 30g
무염버터 10g
탈지분유 10g
코코아 파우더 5g
쿠키 크런치 약 150g


■ 보관방법 ■
- OPP 봉투에 포장 후 실온보관. 2-3일 안에 드시면 됩니다.





♪ BGM : 오늘의 일기 - https://youtu.be/dlsHdQtSHtk?si=GuaJlEJJHCBBWDKp",https://www.youtube.com/watch?v=I2zw62IBfCg,2025-11-05,오늘도 베이킹 Baking again today,UCeOwi85w01FOOi9VGOdlRaA,11865,333,30,PT6M51S,https://i.ytimg.com/vi/I2zw62IBfCg/hqdefault.jpg,"빼빼로, 빼뺴로데이, 쫀득쿠키, 쫀득 빼빼로, pepero, stick cookies, 마시멜로우 쿠키, 스모어 쿠키, Pepero, Pepero Day, chewy cookies, chewy Pepero, marshmallow cookies, s'more cookies",22,빼빼로데이
BBEmXYIeXsQ,빼빼로데이🍫,"제가 가장 좋아하는 빼뺴로는 초 꼴릿💢❤️한 대왕 누드 빼빼로,, 가 아니라 크런치빼빼로랍니다! 😆
영상툰 봐주시고 댓글남겨주셔서 정말 감사합니다,,!😊

#낭자애 #영상툰",https://www.youtube.com/watch?v=BBEmXYIeXsQ,2025-11-11,유화유화,UCQEPUs91ZsaGycJ37BHPteg,56325,1035,102,PT1M34S,https://i.ytimg.com/vi/BBEmXYIeXsQ/hqdefault.jpg,"보추, 낭자애, 오토코노코, 게이, 펨보이, 영상툰, 유화유화, 호모, 쇼타, 암컷타락, 암컷, 빼빼로데이, 빼뺴로",22,빼빼로데이
IJNF7Yy8bAw,빼빼로데이 준비 끝! 다이소 재료로 빼빼로 만들기 | 빼빼로 베이킹🍫,"#빼빼로만들기 #빼빼로데이 #수제빼빼로 #다이소빼빼로 #빼빼로베이킹 

올해도 빼빼로데이가 돌아왔어요!
작년에 빼빼로데이는 얼굴만 있었다면 올해는 귀여운 몸통까지.. 
귀여움 두 배 업그레이드!! ㅎㅎ
열심히 준비한 영상이니 오늘도 영상 즐겁게 시청해주세요☺️

궁금한점은 언제든 댓글로 편하게 물어봐주세요!❤️


🍫 빼빼로 만들 때 하지 말아야 할 것 6가지

1. 초코펜 너무 뜨거운 물에 녹이지 말기 (ex. 끓는 물에 담그기 ❌)
→ 온도가 너무 높으면 초코가 묽어져 팔·다리 접착이 어려워져요

2. 코팅용 초콜릿에 물 절대 닿지 않기 (수증기도 조심!)
→ 물이 들어가면 초콜릿이 하얗게 얼룩덜룩해져요

3.  코팅용 초콜릿도 너무 뜨거운 물에 녹이지 말기
→ 기름층이 분리되어 표면이 하얗게 떠보이고, 
초코펜으로 미리 붙여둔 팔다리가 떨어질 수 있어요
✅ 60~70℃ 물에 중탕으로 녹인 후
30~40℃ 정도 온도일때(미지근 할때) 사용하기

4. 코팅 후 대충만 털지 말기
→ 초콜릿을 충분히 털어내지 않으면뒷통수나 몸통 주변에 흘러내린 채로 굳어요

5.  코팅 후 냉장/냉동 보관 금지
→ 내부(앵두콘)가 수축되며 표면에 크랙(갈라짐)이 생겨요

6. 눈은 꼭 작!게! 그리기 👀
→ 너무 크면 귀엽기보다 무섭게 보여요 😂
초코펜은 섬세한 작업이 어려우니 이쑤시개를 사용하거나
코르네를 만들어 녹인 초콜릿을 담아 사용하세요!

📍코르네만들기 영상 보러가기
https://youtu.be/D7faeEc5C0U



🛒 사용한 재료 (모두 다이소 구매 / 품번 포함)

앵두콘 (921556557)
참깨스틱 (120400494)
챠챠 해바라기씨 (955960247)
꾀돌이 (926940063)

🍫 코팅용 초콜릿
밀크 50g (921440109)
딸기 100g (921440151)
화이트 100g (921440142)
(선택) 발로나 이보아르 각 30g씩, 총 90g 추가 가능 (쿠팡 구매)
👉 저는 약 15개 내외 만들었고, 100g 한 봉지씩으로 충분했어요.
더 많이 만들 분들은 각 200g(2봉지)씩 구매 추천!

✏️ 데코펜 (초코펜)
다크 / 화이트 / 레드 (926940911)
(데코펜이 없다면 코팅용 초콜릿을 코르네에 담아 사용해도 OK)

🎁 포장재
사각 포장 상자 (1028349)
포장 OPP 비닐 (6×20) (1007076)




🔻올댓스위츠 빼빼로 시리즈 
📌아스파라거스 빼빼로 만들기 영상 보러가기
https://youtu.be/7V9MSgkr7UE

📌2024 빼빼로 만들기 영상 보러가기
https://youtu.be/vo5XzOtScfA


📣인스타그램  @a_t_sweets
https://www.instagram.com/a_t_sweets
✉️비즈니스 문의 allthatsweets2724@gmail.com

🎬 Video Source Support: YouTube channel ""freeticon""",https://www.youtube.com/watch?v=IJNF7Yy8bAw,2025-10-28,올댓스위츠,UCGXCbmJGjymzkJ_cuXocniA,92235,4898,278,PT4M19S,https://i.ytimg.com/vi/IJNF7Yy8bAw/hqdefault.jpg,"홈베이킹, 귀여운디저트, 캐릭터베이킹, 디저트만들기, 베이킹레시피, 초보베이킹, 제과제빵, KoreanDessert, homebaking, cutedessert, bakinglife, diydessert, bakingrecipe, easybaking, kawaiibaking, foodart, koreandessert, allthatsweets, 베이킹브이로그, 에어프라이어베이킹, 케이크만들기, 귀여운베이킹, 쿠키만들기, 귀여운쿠키만들기, 쿠키굽기, 귀여운케이크만들기, 케이크레시피",26,빼빼로데이
CdyW6wIRQKM,옅어진 빼빼로데이 특수.. 자영업자들 '울상',"대학가에 차려진 빼빼로 판매대.

길을 걷다 멈춰선 대학생이
한참을 고민한 끝에 
빼빼로 상자 세 개를 꺼내듭니다.

◀ INT ▶ 황유연 / 대학생
""어렸을 때는 빼빼로를 무조건 많이 샀는데, 요즘에는 필요한 사람이나 소수한테만 주는 것 같아요.""

근처의 또 다른 판매대.

형형색색 상자들로 포장된 
빼빼로가 놓여 있지만,
30분 넘게 찾아오는 손님이 없습니다.

이렇다보니 빼빼로데이 마케팅을
포기한 곳도 생겼습니다.

◀ st-up ▶
""춘천의 한 소규모 마트에 와봤습니다. 빼빼로데이에도 빼빼로가 잘 팔리지 않다 보니, 특별히 진열대를 만들어 놓지 않고 이렇게 평소처럼 빼빼로를 판매하고 있는 모습입니다.""

◀ INT ▶ 이홍제 / 나들가게 사장
""요새는 (발주 물량의) 10%도 못 팔고 있습니다. 옛날에는 우리 사장들, 점주들도 빼빼로데이 때 기대를 많이 했거든요. 매출도 많이 오르고. 그런데 이제는 뭐 빼빼로데이가 와도 기대를 별로 안 하고...""

[ 우측 실크 CG ]
빼빼로데이를 한 달 앞두고 진행된 
한 설문조사 결과, 응답자의 55%가
올해 빼빼로데이를 챙길 생각이
없다고 답했습니다. //

빼빼로데이가 외면받는 이유는 무엇일까?

◀ 전화 INT ▶ 이은희 / 인하대 소비자학과 교수
""고물가에 소비자들 주머니가 얄팍해져서 그런지 이런 날(빼빼로데이)조차도 물건을 사가지고, 이런 날을 이용해서 자기의 마음을 표현하고 이런 것들이 많이 줄었어요.""

오프라인 매장보다 
온라인 선물하기를 통해 
마음을 전하는 경우가 크게 늘기도 했습니다.

◀ INT ▶ 김수정·이은희 / 대학생
""(빼빼로를) 2~3개 사면 6,000원이 금방 넘어가니까. 카카오톡 선물하기 이런 거에 빼빼로 말고도 대체할 수 있는 다른 좋은 선물들이 많아서...""

고물가에 시대적 흐름이 바뀌면서
빼빼로데이 특수를 기대했던
자영업자들의 고민이 깊어지고 있습니다.

MBC뉴스 김준겸입니다. 

(영상취재: 이인환)
(그래픽: 최가을)

◀ END ▶

#빼빼로 #빼빼로데이 #11월 #11일",https://www.youtube.com/watch?v=CdyW6wIRQKM,2025-11-11,춘천MBC뉴스,UCBnUdp-4hIKkGlz8MVL7s3g,5098,40,58,PT1M50S,https://i.ytimg.com/vi/CdyW6wIRQKM/hqdefault.jpg,"춘천MBC, 뉴스, MBC뉴스, 강원, 강원도, 춘천, 철원, 화천, 양구, 인제, 홍천, 원주, 강릉, 삼척, 횡성, 평창, 영월, 양평, 제천, 고속, 속초, 양양, 정선, 태백, 동해",25,빼빼로데이
jmzniG4onxY,두바이쫀득쿠키 빼빼로 실존..?,"요즘 저희 두바이 쫀득쿠키가 원조라 그런지,
하루에 최소 6,000개씩 나가요…
진짜 말 그대로… 매일 밤새는 중☕💀

근데…
빼빼로데이 다가오잖아요..?
그냥 지나갈 수가 없더라구요ㅠㅠ
그래서 결국 또 밥도 안먹고… 개발해 봤어요!

👀 이름하여
“빼빼로 한정판 두바이 롱–쫀득쿠키스틱” 🍫🍪

왕모찌쿠키를 길게 늘려
초콜릿 쫀득쿠키 속 바삭꼬소 피스타치오 카다이프 그득…
전용 데코 비주얼도 너무 예뻐서 진짜 말이 안 나와요ㅠㅠ
먹자마자 ‘쫀득+바삭+초코+고소폭발’ 콤보…
딱 한입에 정신이 사라져요😵‍💫💘

근데 문제는…
이미 하루 6,000개도 감당이 안 되는데,
이걸 이벤트 상품으로 내면
진짜 죽을 수도 있겠다…ㅋㅋㅋ

그래서 지금,
이 빼빼로 한정판의 운명은…?🤔

과연 출시될 것인가,
아니면 이대로 무산될 것인가—

🍫 팔로우 해두고 다음 영상을 기대해 주세요!

사실… 자사몰 들어오셨으면 아시겠지만,
이미 론칭 후 라는 건 안비밀💌!

빼빼로 예약전용 한정판,
두바이 초콜릿 롱-쫀득쿠키스틱!
초특가 이벤트 링크 궁금하시다면
프로필 링크를 참고해 주세요!🧡

#몬트쿠키 #두바이쫀득쿠키 #빼빼로쿠키 #롱쫀득쿠키스틱 #빼빼로한정 #디저트맛집 #여사장일기 #밤새는사장 #쿠키덕후 #초콜릿쿠키 #디저트그램 #수제쿠키 #빼빼로데이 #빼빼로데이선물 #1111day",https://www.youtube.com/watch?v=jmzniG4onxY,2025-10-28,몬트쿠키,UCAKiaMq_H1Vq8xBFYgGsj_Q,286378,2268,69,PT25S,https://i.ytimg.com/vi/jmzniG4onxY/hqdefault.jpg,,22,빼빼로데이
r71vSPXarMo,"너무좋은 전라도식 사랑고백, 빼빼로 데이에도 써먹자 #김제동 #윤도현",오늘은 모두 사랑을 표현하는 날,https://www.youtube.com/watch?v=r71vSPXarMo,2025-11-10,미디어 파도,UC_bHa83Nk4UjKkc-AY0HPfg,4630239,39225,168,PT49S,https://i.ytimg.com/vi/r71vSPXarMo/hqdefault.jpg,,22,빼빼로데이
ukqvF2Zh1Lc,빼빼로데이 때 무조건 필수❗️내가 선물 해봤거든요,"📅벌써, 빼빼로데이까지 보름 남았어요!
매년 이맘때쯤, 어떤 선물할지 고민되시죠?🎁

혹시 아직 준비 못 하셨다면,
이번엔 조금 더 특별한 빼빼로 어때요?🍫💝

삼덕쿠키가 준비한 귀여운 빼빼로 쿠키커터,
그냥 주는 것보다 직접 만든 정성이 훨씬 감동적이거든요!

💬그리고 이번 영상엔
✨숨은 빼빼로 찾기 이벤트✨도 숨어있습니다!

👇이벤트 참여 방법
- 영상 속 구석구석 숨겨진 빼빼로 개수를 찾아주세요
- 댓글에 정답을 남겨주시면
🎉3분 추첨해서 빼빼로 쿠키커터 세트를 선물로 보내드립니다!

이번 빼빼로데이,
정성 + 귀여움 + 센스 다 잡아보세요! 💌

다양한 베이킹 용품과 레시피가 가득한
베이킹 덕후가 모이는 곳
삼덕쿠키
잘 부탁드려요
감사합니다🧡

🥣간단하면서도 재밌는 베이킹 정보들이 궁금하다면?
@samduck_cookie
@samduck_cookie",https://www.youtube.com/watch?v=ukqvF2Zh1Lc,2025-10-29,삼덕쿠키,UCjoSCu_BqQf-T_Hj3UmRonw,22684,247,45,PT26S,https://i.ytimg.com/vi/ukqvF2Zh1Lc/hqdefault.jpg,"쿸키, 배이킹, 홈배이킹, 뺴빼로데이, 뺴빼로",26,빼빼로데이
qUp-S1YnM5I,"이쁜데 만들기도 쉬운! 하트 빼빼로 만들기💕 (종이컵 계량, 에어프라이어)","안녕하세요 곰쓰 쉬운 베이킹 입니다🐻
이번엔 빼빼로데이를 맞아 하트 모양 빼빼로를 준비했는데요 너무 귀엽고 이쁘더라고요 재료도 간단하고 만드는 방법도 간단해서 이번 빼빼로데이 선물해 보시면 좋을 것 같아요!

🔥오븐 - 180도 15분 예열 후 180도 18분 굽기
🔥에어프라이어 - 160도 5분 예열 후 160도 12분 굽고 뒤집어서 4분

하트 빼빼로💕(6개 분량)
버터 : 50g
슈가파우더 : 4숟 (40g) 
소금 : 조금 (1g)
풀어 둔 계란 : 3숟 (30g)
베이킹파우더 : 1/3티스푼 (1g)
박력분 : 1컵+반 컵 (150g)

코팅 다크 초콜릿 100g
코팅 화이트 초콜릿 100g
코팅 딸기 초콜릿 30g
스프링클, 크런치, 건조 딸기다이스
(대부분 다이소에서 구매 가능해요)

슈가파우더는 설탕으로 대체가능
베이킹파우더는 생략 가능
박력분은 중력분으로 대체가능

🎁 포장
opp투명 비닐 봉투 (가로 13 세로 16cm)
핑크 공단리본 2cm",https://www.youtube.com/watch?v=qUp-S1YnM5I,2025-11-04,곰쓰 쉬운 베이킹 Gom's Easy Baking,UCrJ0RPeCjQcwvJJHtpKHHAA,66874,2287,130,PT6M,https://i.ytimg.com/vi/qUp-S1YnM5I/hqdefault.jpg,,26,빼빼로데이
WFYMmeMSl2Q,AI가 부르는 빼빼로데이송,"AI Music
Artist: [NIA]
🎶 AI Production & Rights: This track was created with a Suno AI Pro/Premier Plan and is licensed for commercial use and monetization.]
Tool: Suno AI (https://suno.ai)
🎧 Song created with Suno AI
🎤 Music and lyrics generated using artificial intelligence

#ai #aimusic #music #sunoai #음악 #빼빼로데이 #빼빼로 #bgm #korea #과자 #음악추천 #한국노래 #한국음악",https://www.youtube.com/watch?v=WFYMmeMSl2Q,2025-11-11,NIA,UC_OnpFaqPw1pUm8ZXTEbdvA,67,3,0,PT1M35S,https://i.ytimg.com/vi/WFYMmeMSl2Q/hqdefault.jpg,,22,빼빼로데이
3ptwLGlq1Hs,이번 빼빼로데이에는 쫀득 빼빼로! #빼빼로데이,,https://www.youtube.com/watch?v=3ptwLGlq1Hs,2025-10-21,꼰이 주방 ggoni kitchen,UCLaAiVYWihFUO1Ufr00IBTQ,30475,488,14,PT24S,https://i.ytimg.com/vi/3ptwLGlq1Hs/hqdefault.jpg,,22,빼빼로데이
42W-K21N9so,11/11 빼빼로데이 기념 베이킹🍫,"♬✧♪ .•*¨*•.¸¸♬✧ ♪ .•*¨*•.¸¸♬✧ ♪ .•*¨*•.¸¸♬✧ ♪

안녕하세요 여러분!
워료일입니다!
다가오는 빼빼로데이를 맞이하여 딸기 빼빼로를 만들어 봤습니당!
원래 빼낭시에를 만들 예정이었는데 당연히 있을 줄 알았던 재료가 없어서 급하게 노선 변경하여 만든 아이랍니다..🍫
핀터레스트에서 딸기 케이크 팝을 보고 만든건데,, 정확한 출처를 찾지 못해서 혹시 알고 계신 분은 댓글로 남겨주세요!🫰🏻
오늘도 와주셔서 감사드리고! 재밌게 봐주시길..🪽
다음 영상에서 만나요오!!

♬✧♪ .•*¨*•.¸¸♬✧ ♪ .•*¨*•.¸¸♬✧ ♪ .•*¨*•.¸¸♬✧ ♪

초코시트 (1호 원형)
• 초콜릿 180g
• 무염버터 90g
• 설탕 110g
• 달걀 2개
• 박력분 100g
• 베이킹파우더 4g
• 소금 1g 
• 우유 60g

!170도 35분 굽기!

♬✧♪ .•*¨*•.¸¸♬✧ ♪ .•*¨*•.¸¸♬✧ ♪ .•*¨*•.¸¸♬✧ ♪

프레임 출처
5人福 🤍",https://www.youtube.com/watch?v=42W-K21N9so,2025-11-03,워료일 ˚‧⁺  ･ ,UCyH4Ummmm3UWX1eAoMbsOiw,9773,705,82,PT6M3S,https://i.ytimg.com/vi/42W-K21N9so/hqdefault.jpg,"빼빼로데이, 빼빼로데이베이킹, 케이크팝, 딸기케이크팝, 코코아파우더없이, 홈베이킹브이로그",22,빼빼로데이
MoitARm5_Ro,빼빼로 데이 두근두근! 💘 빼빼로 받았다! 직접 만든 빼빼로 선물하기! | 반응이...? 🤫 | [공감 상황극],#빼빼로데이 #빼빼로만들기 #DIY빼빼로 #수제빼빼로 #발렌타인데이 #선물만들기 #상황극 #롤플레잉 #학교생활 #공감영상 #데이트 #선물추천 #홈베이킹 #Vlog #꿀잼영상,https://www.youtube.com/watch?v=MoitARm5_Ro,2025-11-11,오마이비키,UCfys7rxZR3m1M_RSQhmm_qg,5249,96,12,PT8M45S,https://i.ytimg.com/vi/MoitARm5_Ro/hqdefault.jpg,,24,빼빼로데이
lOSp6FusKNw,10일차 교생쌤 VS 10년차 선생님 #빼빼로데이,,https://www.youtube.com/watch?v=lOSp6FusKNw,2025-11-11,수마일_soomile,UCP6EYPVdvFSgBveBkWnfaTA,3601853,51637,555,PT36S,https://i.ytimg.com/vi/lOSp6FusKNw/hqdefault.jpg,,22,빼빼로데이
M2Ajx39UrJA,귀멸의 칼날) 탄지로가 빼빼로데이에 고백 받았다면?,,https://www.youtube.com/watch?v=M2Ajx39UrJA,2025-11-13,치식백과,UCwdmbO2Nnx62EE3UsR-_cUg,464914,8457,310,PT29S,https://i.ytimg.com/vi/M2Ajx39UrJA/hqdefault.jpg,,10,빼빼로데이
Wqj1DYXVcoM,헤어진 기념ㅋㅋ 전남친한테 만들어줬던 빼빼로 만들기,#빼빼로데이 #이별 #빼빼로만들기,https://www.youtube.com/watch?v=Wqj1DYXVcoM,2025-11-09,쓰까르,UCX14ZlyF0-tgVcDxLj-4ytA,220844,2292,320,PT6M15S,https://i.ytimg.com/vi/Wqj1DYXVcoM/hqdefault.jpg,,22,빼빼로데이
tReWxw7_zAY,다이소 제품으로 귀엽게 빼빼로 데이 준비,#빼빼로만들기 #다이소 #홈베이킹 #레시피 #베이킹 #쿠키 #쿠키만들기 #homebaking #baking #cookies #recipe,https://www.youtube.com/watch?v=tReWxw7_zAY,2025-11-10,뽀떼또,UCKhPPzDCZ8oIxqQSnbXLsNg,777770,15224,140,PT33S,https://i.ytimg.com/vi/tReWxw7_zAY/hqdefault.jpg,,22,빼빼로데이
lee45ymOfcM,나만 못받은 빼빼로 데이,,https://www.youtube.com/watch?v=lee45ymOfcM,2025-11-11,레고따단 DDadan,UC2BRSQm6_TSz2Y5zWU6fUfQ,328877,5687,592,PT34S,https://i.ytimg.com/vi/lee45ymOfcM/hqdefault.jpg,,24,빼빼로데이
op-PNCsk6dE,빼빼로데이 반값으로 준비하는 꿀팁! #빼빼로 #빼빼로데이 #과자 #과자리뷰 #간식 #간식리뷰 #꿀팁 #편의점 #gs편의점 #cu편의점 #맛집 #디저트,"💖 GS편의점 / CU편의점

✅️ 반값으로 먹는 방법

1. GS 편의점

현재 2+2 행사 진행 중

통신사 할인 (KT, LG) 먼저 해준 뒤

GS PAY 결제하면 60% 할인

2. CU 편의점

4개 이상 고르고!

포켓 CU 멤버쉽 바코드 보여 준 뒤

카카오 페이로 결제 하면 50% 할인

-----------------------------------------------
#gs #cu #편의점 #편의점신상 #편의점간식
#신상과자 #과자추천 #간식추천 #편의점신상
#신상간식 #길거리음식 #디저트맛집 #디저트카체
#맛집 #gs신상 #cu신상 #초콜릿 #할인행사 #할인이벤트 #할인 #가성비 #가성비맛집 #koreafood #koreanfood #food #delicious #dessert #streetfood #snake #snacks #chocolate",https://www.youtube.com/watch?v=op-PNCsk6dE,2025-11-10,먹픽스_muk_picks,UCBRWksp0E-Fk5zycjt1QKYw,32472,254,16,PT17S,https://i.ytimg.com/vi/op-PNCsk6dE/hqdefault.jpg,,22,빼빼로데이
zsRBfFEpYQg,올해 빼빼로데이는 이거다! #빼빼로만들기,,https://www.youtube.com/watch?v=zsRBfFEpYQg,2025-10-30,올댓스위츠,UCGXCbmJGjymzkJ_cuXocniA,100419,1349,22,PT12S,https://i.ytimg.com/vi/zsRBfFEpYQg/hqdefault.jpg,,26,빼빼로데이
u0shiuDKCl4,빼빼로데이 준비 빼빼로 만들기 키트 #빼빼로 #빼빼로데이,https://link.coupang.com/a/cZfkuD,https://www.youtube.com/watch?v=u0shiuDKCl4,2025-10-28,만두발뚱,UC9NRkjvfgB_hBYNeA0KRtlQ,7708,48,1,PT27S,https://i.ytimg.com/vi/u0shiuDKCl4/hqdefault.jpg,,22,빼빼로데이
Gns5OsS77cc,심쿵주의💘 다이소 재료로 귀염뽀짝 빼빼로 만들기 | 빼빼로데이 베이킹,"돼지🐷 곰돌이🐻 강아지🐶 빼빼로
먹기 아까울 만큼 귀여워요!
작년 초코 프레첼 인기에 힘입어 올해는 더 귀엽게 돌아왔어요✨
(https://youtu.be/OLYZSyCnVgQ)

다이소 재료만으로도 충분히 특별하게
올해 빼빼로데이는 정성과 귀여움 한가득 담아요💖

만든 여러분의 마음이 고스란히 전해지고
받는 사람도 그 마음을 분명 느낄 거라 믿어요💫
 
────────────────────
◼ 다이소 재료
[동물 빼빼로]
배배과자 1개(80g) 
행복한쇼콜라띠에 밀크/화이트/딸기초코 1봉지(각 100g)
다크초코펜 1개
하트스프링클 20g

*품번: 111713670, 921440109, 921440142, 921440151, 926940911, 926940889
 
[포장 용품]
투명포장봉투접착식 (9x9cm)
심플리본 (아이보리)
부직포 스타핑 (핑크)
정사각낮은금박상자 (17.5x17.5x4cm)

*품번: 1019493, 1042612, 50031, 1037285

각 지점마다 입고가 상이할 수 있어요!🙂

◼ 완성
24개(돼지 8개, 곰돌이 8개, 강아지 8개)

◼ 보관 방법
실온 : 서늘한 곳에서 3~4일 보관
냉동 : 밀폐 용기에 보관, 한달 가능

◼ 타임라인
00:31 재료 준비
01:57 초콜릿 중탕
03:49 돼지 만들기
05:32 곰돌이 만들기
06:54 강아지 만들기
08:16 빼빼로 조립
11:11 빼빼로 포장

◼ 음원
Music provided by 브금대통령
공주의하루 https://youtu.be/E_fAN4ZzSRo
별사탕 https://youtu.be/Smong_RlY90
알콩달콩 https://youtu.be/AX3XPwAFRVI
갸우뚱 https://youtu.be/w1qbEToZXNg
너무귀여운노래 https://youtu.be/Wz63udVDoH0
꼬마공주와꼬마왕자 https://youtu.be/wMDd-UH3YH8


✓ 레시피 무단 도용 금지. 사용 시 출처와 영상 링크를 남겨주세요.
✓ 불쾌감을 주는 댓글은 경고 없이 삭제합니다.
───────────────
#빼빼로만들기 #빼빼로데이만들기 #빼빼로데이",https://www.youtube.com/watch?v=Gns5OsS77cc,2025-10-29,틴틴빵빵 Tintin Pan Pan,UCcxPNNfobPeu5KURBM_UabA,26576,747,42,PT13M33S,https://i.ytimg.com/vi/Gns5OsS77cc/hqdefault.jpg,"빼빼로만들기, 빼빼로 만들기, 빼빼로데이 베이킹, 빼빼로데이 만들기, 빼빼로데이, 빼빼로 베이킹, 빼빼로 만들기 다이소, 다이소 빼빼로만들기, 다이소 빼빼로, 다이소 베이킹, 다이소 초콜릿, 다이소 초콜릿 만들기, 빼빼로데이 선물, 수제 빼빼로 만들기, 빼빼로데이 선물 만들기, 발렌타인데이, 발렌타인데이 베이킹, 배배 빼빼로, 베베 빼빼로, 틴틴빵빵 빼빼로",22,빼빼로데이
YW93IDGxQmQ,빼빼로데이에 센스가 있어야 되는 이유,,https://www.youtube.com/watch?v=YW93IDGxQmQ,2025-11-03,빵실베이킹 BBangsil,UCE5vkmrNWHkoNB21y4eLiDA,458395,7934,111,PT48S,https://i.ytimg.com/vi/YW93IDGxQmQ/hqdefault.jpg,"#베이킹, #빼빼로데이, #빼빼로만들기, #다이소빼빼로, #수제빼빼로, #빼빼로데이선물, #노오븐케이크, #노오븐빼빼로케이크, #간단레시피, #빼빼로선물, #빼빼로선물추천, #빼빼로케이크, #빼빼로케이크만들기, #케이크만들기, #홈베이킹, #노오븐, #간단요리",22,빼빼로데이
9NJ8RryUAj4,빼빼로데이 빼빼로못받은사람 얼른오세요,보겸TV 보겸s,https://www.youtube.com/watch?v=9NJ8RryUAj4,2025-11-11,보겸s,UCCJ2b2lJE7M77cSuSHLcMOQ,3213923,61181,2625,PT50S,https://i.ytimg.com/vi/9NJ8RryUAj4/hqdefault.jpg,"보겸, 선물, 이벤트, 나눔, 랜덤박스, 기부, 퀴즈, 길거리, 미스터리박스, 현금, 현찰, 100만원, 배당금, 빼빼로, 초콜릿, 두바이, 미션, 쇼츠",24,빼빼로데이
Bax9GvYgNAc,🎵빼빼로데이 노래~ ‘초컬릿 막대기’ | Folk Rock (Music Capsule 💊),"🎵 초컬릿 막대기 by Music Capsule 💊 


• 트랙 편곡 : Music Capsule 💊, AI
• 노래 : 보컬녹음, AI 보정

좋아요와 구독, 댓글로 응원해주시면 큰 힘이 됩니다 🙏  
구독으로 다음 업로드를 놓치지마세요!  
Remake • Original • Soundscape  

#발라드 #빼빼로 #자작곡 #빼빼로데이 #Kpop커버",https://www.youtube.com/watch?v=Bax9GvYgNAc,2025-11-10,뮤직캡슐,UCXAe2yN8-TAyCf_AYcGSWFQ,53,3,1,PT2M50S,https://i.ytimg.com/vi/Bax9GvYgNAc/hqdefault.jpg,"뮤직캡슐, 자작곡, 작곡, 빼빼로, 빼빼로데이, 감성음악, 힐링뮤직, kpop, 11월11일",10,빼빼로데이
Ij8hJGCves0,편의점마다 다른 빼빼로데이 한정판?! CU·GS·세븐일레븐 비교해봤어요🍫 #요즘유행,"#빼빼로데이 #편의점한정판 #CU #GS25 #세븐일레븐
빼빼로데이마다 편의점마다 한정판이 다르다는 사실, 알고 계셨나요?
CU는 포켓몬, 세븐일레븐은 테디베어, GS는 무무씨!
같은 빼빼로지만 패키지와 굿즈가 완전히 달라서 보는 재미가 쏠쏠합니다🍫

#한정판굿즈 #편의점비교 #빼빼로리뷰
올해는 어떤 빼빼로를 고를지 고민이라면 이 영상 필수 시청!
각 편의점별 한정판 패키지를 한눈에 비교하고,
직접 구매한 제품까지 공개합니다✨

#지지리뷰 #신상리뷰 #과자리뷰
CU, GS25, 세븐일레븐 중 어디가 제일 잘 나왔는지
댓글로 여러분의 ‘최애 빼빼로’를 알려주세요💬",https://www.youtube.com/watch?v=Ij8hJGCves0,2025-11-09,지지리,UCFxbgEumUtig19fDd3ezXDg,21191,206,4,PT15S,https://i.ytimg.com/vi/Ij8hJGCves0/hqdefault.jpg,"빼빼로데이, 편의점한정판, CU, GS25, 세븐일레븐, 빼빼로, 편의점리뷰, 신상과자, 한정판굿즈, 과자리뷰, 편의점비교, 빼빼로데이선물, 빼빼로굿즈, 빼빼로데이 선물, 편의점신상",22,빼빼로데이
PBJCHEAxKBY,25년 11월 편의점 행사 총정리! 아무도 찾지 않는 빼빼로데이,"0:00 gs25
2:13 세븐일레븐
3:56 이마트24
5:58 CU
7:14 마무리

정가거부 네이버 카페
https://cafe.naver.com/wjdrkrjqn

정가거부 유튜브 채널 멤버십을 오픈하였습니다.
https://www.youtube.com/channel/UC1KHW0JH7zToxC2H69axgzw/join",https://www.youtube.com/watch?v=PBJCHEAxKBY,2025-11-01,정가거부,UC1KHW0JH7zToxC2H69axgzw,35583,442,115,PT7M52S,https://i.ytimg.com/vi/PBJCHEAxKBY/hqdefault.jpg,"편의점신제품, 편의점 먹방, 편의점 행사, 편의점 이벤트, 편의점 할인, 편의점꿀템, 편의점신상, 편의점 추천, 편의점디저트, 정가거부, 편의점리뷰, 먹방, 편의점",26,빼빼로데이
0DT5T_WNVJw,빼빼로데이에 빼어난 미모의 셰프 어렵게 모셨습니다 💎엄지훈💎 | 홍석천의 보석함 시즌4 EP.21,"홍석천의 보석함 시즌4 l 스물 한 번째 보석 엄지훈
💎 매주 화요일 오후 6시 30분 새로운 보석 공개 💎 

울퉁불퉁하다, 울퉁불퉁한, Zㅏ기들아 주~목! 
피부결이 매끈매끈하다, 매끈매끈한, 콩 에센스가 왔어요💛
오직 보자기들에게만 주어지는 단 3일간의 혜택!
👉콩에센스 보석함 특가 : https://bit.ly/47A7gMf

건조한 이 계절, 자기들 피부에 수분결광 꽉 잡아 줄 콩 에센스
놓치면 진짜 아쉬울 걸?

📩 비즈니스문의 : zzigza.kr@gmail.com 
📷 제작 : 찍자 스튜디오 
📱 제작지원 : 와이레스 ( https://smartstore.naver.com/yless )

#엄지훈 #홍석천 #김똘똘",https://www.youtube.com/watch?v=0DT5T_WNVJw,2025-11-11,홍석천의 보석함 ,UCG_cznJui7UMPYbPBLp8vOw,253299,3563,4182,PT29M27S,https://i.ytimg.com/vi/0DT5T_WNVJw/hqdefault.jpg,"홍석천의보석함, 홍석천보석함, 홍석천, 보석함, 미남, 꽃미남, 눈호강, 김똘똘, 대한민국, 아이돌, k-pop, 배우, 메타코메디, 믹순, 콩에센스, 수분결광, 올리브영, 카디비에센스, 엄지훈, 엄지윤, 코미디언, 엄지렐라",22,빼빼로데이
T1KH7EJk2Vo,빼빼로데이에 소희랑 첫 합방.. (2025.11.11),"🔔저작권 브금 제거로 인해서 갑자기 음질이 안 좋아지거나, 오디오가 잠시 안 들릴 수 있습니다.
🔔본 채널은 배너광고형 유료 광고를 포함하고 있습니다.
📫[SOOP]  https://ch.sooplive.co.kr/rrvv17
📫[광고스폰문의]  ksttv@naver.com",https://www.youtube.com/watch?v=T1KH7EJk2Vo,2025-11-11,킴성태TV [풀영상],UCEp0uvqk-rAVsNto7mQporw,146180,0,0,PT1H32M56S,https://i.ytimg.com/vi/T1KH7EJk2Vo/hqdefault.jpg,"킴성태, 킴성태TV, 유튜브, 킴성태 유튜브, 게임, 배그, 리그오브레전드, 배틀그라운드, 아프리카, 아프리카TV, 오버워치, 옵치, 인방, 인터넷 방송, bj, 비제이, 게임bj, 킴해적단, 깨박이, 박사장, 김봉준, 감스트, 서든어택, 서든, youtube, 워존, 콜오브듀티, 블리자드, fps, 어몽어스, 마크, 마인크래프트, 발로란트, SOOP, 스트리머",20,빼빼로데이
1G3gkZJKteU,훈남 고딩들의 빼빼로데이 #shorts #웃긴영상,#shorts #웃긴영상 #유머 #재밌는영상 #레전드 #빼빼로데이 #고등학생 #남고 #인스타그램 #틱톡 #쇼츠,https://www.youtube.com/watch?v=1G3gkZJKteU,2025-11-13,쇼츠플래닛,UCJ4BghyzAdvXX_1ki7CPqTQ,577193,5911,51,PT32S,https://i.ytimg.com/vi/1G3gkZJKteU/hqdefault.jpg,,22,빼빼로데이
ycqYU0Sj1j8,빼빼로데이 효과 2조 원! 그럼 돈은 누가 가져가? / 트렌드속으로(251110) #빼빼로 #롯데웰푸드 #롯데 #빼빼로데이,"11월 11일, 빼빼로데이는 단순한 과자가 아니라 ‘경제 현상’입니다.
올해 빼빼로 매출은 2,415억 원, 수출은 900억 원을 돌파하며 사상 최대를 기록했습니다.
편의점 3사의 치열한 협업 경쟁과 뉴욕 타임스퀘어까지 확산된 글로벌 마케팅!
하루의 이벤트가 만들어낸 2조 원의 달콤한 경제 효과

#빼빼로데이 #빼빼로말차 #롯데웰푸드 #카페청수당 #K푸드 #소비트렌드 #편의점전쟁 #CU #GS25 #세븐일레븐 #스트레이키즈 #빼빼로수출 #빼빼로매출 #K스낵 #K브랜드 #글로벌마케팅 #타임스퀘어광고 #인도시장진출 #경제트렌드 #마케팅전략 #브랜드성장 #신동빈회장 #마켓나우2부 #트렌드속으로 #김수현 
==============================================

※ 본 방송에서 제공하는 모든 정보는 투자판단의 참고 자료로 투자 결과에 따라 원금의 손실이 발생할 수 있으며 이에 대한 책임은 투자자 본인에게 있음을 알려드립니다.

이데일리TV
✔경제•증권•재테크 NO.1 '이데일리TV' 공식 유튜브 채널
▶이데일리TV 채널 구독하기 : https://hoy.kr/XyGY

==============================================

- 이데일리TV
https://www.youtube.com/@Edaily_TV/featured

- 이데일리ON  
https://www.youtube.com/channel/UCgTZYZEu4bGFkb9IFkoTr7A

- 이데일리TV 상담소
https://www.youtube.com/@TV-jq6ih

- 이데일리TV 다시보기
https://www.youtube.com/@RE_DAILYTV

- 채권V
https://www.youtube.com/@Bond-V",https://www.youtube.com/watch?v=ycqYU0Sj1j8,2025-11-10,이데일리TV,UC8Sv6O3Ux8ePVqorx8aOBMg,671,4,1,PT3M18S,https://i.ytimg.com/vi/ycqYU0Sj1j8/hqdefault.jpg,"주식, 증권, 투자, 경제, 금융, 재테크, 이데일리, 이데일리TV, 주식분석, 종목추천, 투자전략, ETF, 테마주, 증시분석, 경제뉴스, 뉴스",25,빼빼로데이
tzlT0BYsW7A,빼빼로데이니까 빼빼로 포장𐙚—♥️•Daily소현 #포카포장 #다이브로그 #포장계 #덕질,,https://www.youtube.com/watch?v=tzlT0BYsW7A,2025-11-11,Daily소현,UCqhdXqj-fa3W8yYwXGg6-zA,99548,3153,276,PT21S,https://i.ytimg.com/vi/tzlT0BYsW7A/hqdefault.jpg,,22,빼빼로데이
CRhb5eeN5rM,빼빼로데이에 무조건 100% 빼빼로 받는 방법ㅋㅋㅋㅋㅋㅋㅋ,"빼빼로데이에 슬프지 않으려고 만든 영상입니다.

옷 정보
@myrare01
@kream.co.kr",https://www.youtube.com/watch?v=CRhb5eeN5rM,2025-11-11,청산유수현 SUHYEON,UCnLtTiIMVNpsv3laNBTK53w,239043,2474,36,PT11S,https://i.ytimg.com/vi/CRhb5eeN5rM/hqdefault.jpg,"Shorts, shorts, Kpop, kpop, Dance, Kpopdance, Korea, Korean, Koreagirl, Koreangirl, 코알라녀, 유수현, 청산유수현, 청산유수, 개드립, 애드립, 드립, 감스트, 침착맨, 오킹, 보겸, 쯔양, 히밥, 가요이, 유후, 요이키, 키우기, 빵먹다살찐떡, 우정잉, Japan, Japanese, Japangirl, Japanesegirl, 일본, 일본인, 케이팝, 섹시, 귀엽, 귀여운, 지하철개그, 지하철드립, 보조개, 보조개한쪽, 작명소, 유수현작명소, 센스, 애드리브, 코미디, 코메디, 램덤요리, 지하철개드립, Meme, koreameme, Koreanmeme, 한살차이, 외국밈, 한국밈, 국내밈, 밈번역, 해외밈, 말장난, 장난, 모란시장, 돼지부속, 참교육, 아무거나충, 삼행시, n행시, 추성훈, 스테이크, 추성훈맛집, 유머, 개그, 유머영상, 재밌는, 재미있는, 야구, Kbo, Kbo리그, 국내야구, 한국야구, 엘지, 엘지트윈스, LG, LG트윈스, 하투하, 동기부여, 여친참교육, 패션, 네자매모먼트, 네자매, 장원영, 안유진, 레이, 틱톡커, 리쥬라이크, 원민커플, 슈가커플, 커플, 예보링",22,빼빼로데이
nQOX4zPgdqg,10대vs20대 [빼빼로데이],,https://www.youtube.com/watch?v=nQOX4zPgdqg,2025-11-11,오또,UChVDIVvmB6OnOV8_NlN0BAA,463352,9256,82,PT41S,https://i.ytimg.com/vi/nQOX4zPgdqg/hqdefault.jpg,,22,빼빼로데이
F5KUC_9UznA,누가요즘빼빼로데이챙김?ㅋㅋ #oc #소희마일,,https://www.youtube.com/watch?v=F5KUC_9UznA,2025-11-11,일리,UCwrlZCKUkKYrWxOlDY1eA5w,138923,3715,42,PT23S,https://i.ytimg.com/vi/F5KUC_9UznA/hqdefault.jpg,,1,빼빼로데이
ns9nEtC0uDE,빼빼로데이 직전에 논란 터진 빼빼로 ㄷㄷ,,https://www.youtube.com/watch?v=ns9nEtC0uDE,2025-11-04,세상에서 가장 가치있는 1분,UCEc4c4tz8HnW7N_LktwZE5w,53754,1392,42,PT51S,https://i.ytimg.com/vi/ns9nEtC0uDE/hqdefault.jpg,,1,빼빼로데이
AyUAZfj9pt0,브레드이발소 | 달콤한 빼빼로데이! | 애니메이션/만화/디저트/animation/cartoon/dessert,"벌써 빼빼로데이라고?!🍫
좋아하는 사람에게 빼빼로를 주면서 고백해봐!😍

▶ YouTube 업로드 일정
화(오후 6시) : 본편모음
금(오후 6시) : 본편모음
토(오후 6시) : 브레드와 윌크의 세계여행3 모음집

▶브레드이발소 채널 구독하기!
https://www.youtube.com/@BreadBarbershop/featured?sub_confirmation=1

▶브레드이발소 SNS
유튜브: https://www.youtube.com/@BreadBarbershop
인스타그램: https://www.instagram.com/breadbarbershop
틱톡: https://www.tiktok.com/@breadbarbershop
페이스북 : https://www.facebook.com/BreadBarbershop

브레드이발소 #애니메이션 #만화 #디저트 #breadbarbershop #animation  #cartoon #dessert #빼빼로데이",https://www.youtube.com/watch?v=AyUAZfj9pt0,2025-11-11,브레드이발소,UCKBt6VowYGmBpXFf3rVhaQA,37026,187,18,PT53M4S,https://i.ytimg.com/vi/AyUAZfj9pt0/hqdefault.jpg,,1,빼빼로데이
lx5NXxn1dfo,허언이 난무하는 빼빼로 데이ㅋㅋ,"#shorts #허언증 #빼빼로데이

허언증 걸린 부모의 빼빼로데이ㅋㅋ",https://www.youtube.com/watch?v=lx5NXxn1dfo,2025-11-11,83부부,UCcxK1UWTHBVYMce8XekwPgw,1650705,23714,1153,PT2M8S,https://i.ytimg.com/vi/lx5NXxn1dfo/hqdefault.jpg,"허언증, 빼빼로데이, 아빠와딸, 깜짝선물, 웃긴딸, 웃긴가족, 부부대화, 부부의일상, 83부부, 재밌는가족, 웃긴남편, 근육몬, 은채, 은우, 딸감동",22,빼빼로데이
xXOJ5wwVZ2o,4년차 동거커플이 빼빼로데이 챙기는 법,,https://www.youtube.com/watch?v=xXOJ5wwVZ2o,2025-11-11,장꾸커플,UCR-4J8dvzjC_lNcivrV1OKg,226669,4492,29,PT48S,https://i.ytimg.com/vi/xXOJ5wwVZ2o/hqdefault.jpg,,20,빼빼로데이
ew_7C998FcY,빼빼로 데이에 고백 받으신 분들 자랑 좀 해줘요😭 ||#지현이빼빼로몇개받았어 #아이브 #다이브 #ive #포장계 #포카포장 #포포 #포카 #포토카드 #포장 #유진 #안유진 #추천,,https://www.youtube.com/watch?v=ew_7C998FcY,2025-11-11,달콩,UCIWk-Pg6AQFbS58_zZ6LXGw,16507,622,139,PT17S,https://i.ytimg.com/vi/ew_7C998FcY/hqdefault.jpg,,22,빼빼로데이
X8XgLZLawoA,♥ 초간단 빼빼로 만들기 | 눈사람 빼빼로 만드는 방법 공유☃️🤍 | 프레첼 빼빼로🥨 | 고퀄리티 빼빼로 | 빼빼로데이 ♥,"안녕하세요 쭈닝입니당 :)

오늘은 빼빼로데이 기념 빼빼로 만들기 꿀팁 들고왔어용💛
스틱 빼빼로부터 핑거스틱, 프레첼, 눈사람 등 여러종류로 만들었답니당🩵⛄️ 소중한 사람한테 빼빼로를 선물해보세요 🍫💖

TIMELINE
00:00 Preview
00:21 재료소개 및 준비
02:33 스틱 빼빼로
04:28 핑거스틱 미니 빼빼로
05:16 프레첼
06:59 눈사람 빼빼로
09:56 완성



#빼빼로데이 #빼빼로만들기 #빼빼로 #베이킹 #수제쿠키 #peperoday #pepero #baking #수제빼빼로 #빼빼로베이킹",https://www.youtube.com/watch?v=X8XgLZLawoA,2025-11-02,쭈닝,UCk0l6qE9JyjjT5SZdQgvhjg,51545,1188,79,PT10M27S,https://i.ytimg.com/vi/X8XgLZLawoA/hqdefault.jpg,,22,빼빼로데이
Fvtamh9kX-Q,이 가격에 빼빼로 90개 만든다고?! (feat.다이소),#요리 #베이킹 #빼빼로데이만들기 #빼빼로데이 #빼빼로데이베이킹 #다이소빼빼로 #빼빼로데이선물 #빼빼로만들기 #쇼츠 #shorts,https://www.youtube.com/watch?v=Fvtamh9kX-Q,2025-11-02,하주,UCtQW__GRkjdUR2Bkood-Z5g,1255501,14279,55,PT26S,https://i.ytimg.com/vi/Fvtamh9kX-Q/hqdefault.jpg,,22,빼빼로데이
UcYo9Fo7rJs,빼빼로 데이,,https://www.youtube.com/watch?v=UcYo9Fo7rJs,2025-11-12,마크썰,UCBgYkXRwR4CfJ47lyMO6QGg,726222,20531,107,PT1M49S,https://i.ytimg.com/vi/UcYo9Fo7rJs/hqdefault.jpg,,20,빼빼로데이
-9XD5DQ775I,헬로키티 빼빼로 만들기 빼빼로데이,,https://www.youtube.com/watch?v=-9XD5DQ775I,2025-11-06,김맛점,UCqoso5STGZDv4JsVBA_IdWg,751237,8101,82,PT20S,https://i.ytimg.com/vi/-9XD5DQ775I/hqdefault.jpg,"빼빼로, 빼빼로데이, 헬로키티, 헬로키티빼빼로, 빼빼로만들기, 키티빼빼로, 홈카페, hellokitty, hellokittyfood, homecafe, ハローキティ, foodart, 푸드아트, 캐릭터푸드",22,빼빼로데이
xRalYSnZzpI,다가오는 빼빼로데이🍫 이번엔 직접 만들어볼까?,"다가오는 빼빼로데이🍫
이번엔 직접 만들어볼까?

키트 하나로 개성 가득한 나만의 빼빼로 완성🎶

🍪 초코스틱 DIY KIT (600g)
💳 12,980원
✅ 과자, 초콜릿, 데코까지 모두 들어있는 가성비 키트
✅ 봉지째 중탕 OK! 누구나 쉽게 만드는 홈메이드 빼빼로
✅ 2종 초콜릿 + 4종 데코 + 2종 초코펜으로 다양한 초코과자 만들기 가능

만드는 재미까지 듬뿍💚
올해 빼빼로데이는 트레이더스에서 준비 끝🛒

· 연출 컷입니다.
· 입점 점포에 한하며, 일부 상품은 조기 품절될 수 있습니다.

#빼빼로 #빼빼로데이 #수제빼빼로 #빼빼로만들기 #초코과자 #초코과자만들기 #빼빼로DIYKIT #빼빼로DIY #만들기세트 #트레이더스상품 #트레이더스추천상품 #트레이더스신상 #트레이더스추천 #이마트트레이더스",https://www.youtube.com/watch?v=xRalYSnZzpI,2025-11-06,이마트 LIVE,UCojm0qrKPoxt6lc6J4iDCrQ,6945,349,2,PT53S,https://i.ytimg.com/vi/xRalYSnZzpI/hqdefault.jpg,,26,빼빼로데이
F0LuR_XHrp0,5살도 만드는 초간단 빼빼로데이 레시피 (귀여움 주의ㅠㅠㅠ),#빼빼로 #빼빼로데이 #초간단빼빼로,https://www.youtube.com/watch?v=F0LuR_XHrp0,2025-11-07,지현쿡,UCorDTEhfHgqX-lTA1n9OGkw,1114644,12512,52,PT16S,https://i.ytimg.com/vi/F0LuR_XHrp0/hqdefault.jpg,"빼빼로데이, 초간단빼빼로, 빼빼로만들기, 다이소재료로빼빼로만들기, 빼빼로, 빼빼로레시피",22,빼빼로데이
