video_id,comment_id,author,text,like_count,published_at,updated_at
H0z3Y9Z4QRo,Ugx1yoP_iUaLgK059CN4AaABAg,@BayraaBayraa-f8q,0 avsan😢😅,0,2025-11-17T10:07:51Z,2025-11-17T10:07:51Z
H0z3Y9Z4QRo,UgzjtBNpd_6bUhouj4J4AaABAg,@BayraaBayraa-f8q,Anx udaa vzej bn❤,0,2025-11-17T10:05:58Z,2025-11-17T10:05:58Z
H0z3Y9Z4QRo,UgxRtZ9X85Z6MpLI_qp4AaABAg,@OdonchimegErdenetulga,Vnheer goy bvteelch rgc shv dnda vzdgshvv❤❤❤❤,0,2025-11-16T04:35:33Z,2025-11-16T04:35:33Z
H0z3Y9Z4QRo,Ugwkp2bXp9G0HW992qR4AaABAg,@yunayunaa2447,гоё юм аа !!! 🩷🩷🩷,0,2025-11-15T12:51:52Z,2025-11-15T12:51:52Z
H0z3Y9Z4QRo,UgznfmebRuAH5P0bqwd4AaABAg,@BoldbaatarBatgaa,Эгчээ яаж бичлэг хийдэг юм бэ?😊😊,0,2025-11-15T06:44:51Z,2025-11-15T06:44:51Z
H0z3Y9Z4QRo,UgykyX1Tf5THHzm-Ird4AaABAg,@Kpop-Quin,"Pepero avaagui murtluu mungiin ugsun,Ghde beleg belgiin deed belen mungu ymdaa kk❤❤😂",0,2025-11-15T00:54:12Z,2025-11-15T00:54:12Z
H0z3Y9Z4QRo,UgwCUw_yLoaP32ixWvh4AaABAg,@MaralBatdorj,Та ямар хөөрхөн юм бэ❤,0,2025-11-14T01:11:31Z,2025-11-14T01:11:31Z
H0z3Y9Z4QRo,Ugxf_cc4ijD9pZcj5Bx4AaABAg,@AnargooAnar,WoOoOoOoOW,1,2025-11-13T07:28:05Z,2025-11-13T07:28:05Z
H0z3Y9Z4QRo,UgxZnYk3Q5n6qn3InWh4AaABAg,@AnargooAnar,wOoOoOoOoOo,0,2025-11-13T07:27:28Z,2025-11-13T07:27:28Z
H0z3Y9Z4QRo,Ugxr8aPm3_Zf1-8KkFN4AaABAg,@ГантулгаДолгормаа,hoorhon ym aa,1,2025-11-13T06:43:32Z,2025-11-13T06:43:32Z
b34T-4YBI_U,Ugy6sRJZGz8FNehDkM14AaABAg,@THERIAN_FURZ,SHE HAS MAN WHO GAS A GOOD TASTE OF MUSIC,0,2025-11-19T00:55:48Z,2025-11-19T00:55:48Z
b34T-4YBI_U,UgyrQkxtunTqMph4yfV4AaABAg,@vwiegand78,"He’s a responsible man. He’s a stray kids, man.Aka a stay",0,2025-11-18T22:31:11Z,2025-11-18T22:31:11Z
b34T-4YBI_U,UgwuaDbPAIwG8iHafU94AaABAg,@pirenex5384,Christmas evel is such a vibe,0,2025-11-18T18:22:16Z,2025-11-18T18:22:16Z
b34T-4YBI_U,UgyxEoZ4oHXSL35RPyd4AaABAg,@kayliemason549,You know it’s legit when he plays stray kids😂❤,0,2025-11-18T14:44:40Z,2025-11-18T14:44:40Z
b34T-4YBI_U,Ugxusyd7-F5zLv1ZUKZ4AaABAg,@LightingDesign-v9m,Me happy my man is a stay ♥️😛,0,2025-11-18T14:31:48Z,2025-11-18T14:31:48Z
b34T-4YBI_U,UgyX8KF55cAc83aVTmh4AaABAg,@BEAN-h6t,"As soon as I heard stray kids I approved
He’s a good man for u girly",0,2025-11-18T10:42:04Z,2025-11-18T10:42:04Z
b34T-4YBI_U,Ugxk-q6yPUPvO0EajzZ4AaABAg,@AzaanTaha-hy9vu,Nah nah bro not responsible stay husband stay😂,0,2025-11-18T10:35:19Z,2025-11-18T10:35:19Z
b34T-4YBI_U,UgztIdnlyDnId4pO_f94AaABAg,@FloralFusion-h8u,nahhh i heard skz and that was enough for me to approve,0,2025-11-18T09:31:14Z,2025-11-18T09:31:14Z
b34T-4YBI_U,Ugz3hSTxdw5LP4-0B7t4AaABAg,@love444aaliyah,This responsible man made me STAY<3,0,2025-11-18T04:26:17Z,2025-11-18T04:26:17Z
b34T-4YBI_U,UgzbcA-1II6ECGeNHgJ4AaABAg,@berenicezitro7459,Nonchalant 😅ㅋㅋㅋ,0,2025-11-18T02:38:31Z,2025-11-18T02:38:31Z
7iu1eM6B9xI,UgygwWHKeeUj1Bo-vRF4AaABAg,@Zoya-x6b6x,Who were the 2 people at the start,0,2025-11-18T19:11:52Z,2025-11-18T19:11:52Z
7iu1eM6B9xI,UgyNO9kwzONHYKm6EuN4AaABAg,@EsterLoureirozitenfeldcardia,Nesse momento eu queria estar no lugar dele,0,2025-11-18T17:29:00Z,2025-11-18T17:29:00Z
7iu1eM6B9xI,UgwrUpfhNqQ7qAR5xHp4AaABAg,@Azraisteww-04,Straight kids what??,0,2025-11-18T13:45:37Z,2025-11-18T13:45:37Z
7iu1eM6B9xI,Ugxz-mq1HeQONo7hpax4AaABAg,@SandraCacikova,❤❤❤❤,1,2025-11-18T07:26:58Z,2025-11-18T07:26:58Z
7iu1eM6B9xI,UgxgRAbwJEBdRLOtTlJ4AaABAg,@Chocoa-c4y,"仲がいいから出来る🤭✨
💋( •́ɞ•̀)触ってる💋",0,2025-11-17T23:44:24Z,2025-11-17T23:44:24Z
7iu1eM6B9xI,UgwqtUvc4ZXkSzZeoBF4AaABAg,@Panduuu_67,Bro hunlix kissed🌚,0,2025-11-17T22:57:37Z,2025-11-17T22:57:37Z
7iu1eM6B9xI,UgylVpqYat5WZE8UYLR4AaABAg,@henriquemenezes2287,Ele tipo socorro gente quaseeeeeee😮😅,0,2025-11-17T22:33:29Z,2025-11-17T22:33:29Z
7iu1eM6B9xI,UgzvJRakn696bYbH1md4AaABAg,@lix_lover-143,Let me confirm yasss!!!! There lips actaually toucheddddee!!!!! Omg i love straightkids✋😭,18,2025-11-17T20:51:03Z,2025-11-17T20:51:03Z
7iu1eM6B9xI,UgxizJ7GMf6ziHVOtwR4AaABAg,@heartubiteuahhh0325,A STALOV!,0,2025-11-17T19:14:13Z,2025-11-17T19:14:13Z
7iu1eM6B9xI,UgwxTfbYCIVn3hFsYSx4AaABAg,@Es-stay-mae,OMG THEIR LIPS,1,2025-11-17T17:54:25Z,2025-11-17T17:54:25Z
xxHold33Y0M,Ugymxs-ubfm-RowpI554AaABAg,@Agatha_Miyo,"Hoje eu adoraria pra mim mesma, eu mereço.",0,2025-11-16T15:37:47Z,2025-11-16T15:37:47Z
xxHold33Y0M,UgywnU5MwIv1zf5PkkZ4AaABAg,@ArielyAD,"No inicio eu ja lembrei do skz,nao precisou nem passar o pepero deles",2,2025-11-15T20:30:18Z,2025-11-15T20:30:18Z
xxHold33Y0M,Ugw1pyFKIvIN_pphg-Z4AaABAg,@Sophia-c7d8v,MANO E O DIA DO MEU ANIVERSÁRIO (⁠≧⁠▽⁠≦⁠)💕💕,1,2025-11-15T17:50:02Z,2025-11-15T17:50:02Z
xxHold33Y0M,UgySkgXluvHYiECx4AR4AaABAg,@lunnaa_do_sunggie,"O DO STRAY KIDS,AMOOOOOOO",2,2025-11-15T13:41:30Z,2025-11-15T13:41:30Z
xxHold33Y0M,Ugx9PyBiU7XMaxsjpXZ4AaABAg,@Everlight_ofc,Stray kidsss compraria tudooooo🩷🩷🩷🩷,1,2025-11-15T02:52:23Z,2025-11-15T02:52:23Z
xxHold33Y0M,Ugyme9-gBadP2GypORZ4AaABAg,@sandrabarroso2418,"Caraca, tudo em cima do povo ficar magro!!! Ai dão doce!!! Kkkk!!!",1,2025-11-15T00:41:23Z,2025-11-15T00:41:23Z
xxHold33Y0M,Ugyj_YcDa3LWriA5TEB4AaABAg,@lais_s1011,Vou comprar os peperos do Stray Kids na shopee já que não moro na Coreia🥲,2,2025-11-14T21:20:37Z,2025-11-14T21:20:37Z
xxHold33Y0M,UgxCiv6DoVMPSJ9wEJN4AaABAg,@uma_pess04_a4,Stay dominando o mundo,4,2025-11-14T18:47:58Z,2025-11-14T18:47:58Z
xxHold33Y0M,UgxCOmGx9Ffj3ltqYhl4AaABAg,@Tete-q3f,Tem no Japão tbm mais e do pocky,1,2025-11-14T18:12:31Z,2025-11-14T18:12:31Z
xxHold33Y0M,UgxWrNfuj3z26GsIwTt4AaABAg,@gabrielvasconcelos7950,Pepero não é muito bom. O melhor é o tradicional,3,2025-11-14T04:47:37Z,2025-11-14T04:47:37Z
HgBnf_IcLKk,UgwX6cClYkDvoX-kns94AaABAg,@kpop2025-stay,Omg. You're so lucky lol.,0,2025-11-16T13:57:02Z,2025-11-16T13:57:02Z
HgBnf_IcLKk,UgyPDRndqhxboUpINup4AaABAg,@yolandavegacruz1065,Che fantastica idea... 👍👍👍,0,2025-11-16T09:49:17Z,2025-11-16T09:49:17Z
HgBnf_IcLKk,UgxyO5VkpEeTGw773Md4AaABAg,@kathrynduncan8700,So cool ❤❤❤❤,0,2025-11-16T08:37:29Z,2025-11-16T08:37:29Z
HgBnf_IcLKk,UgyLBWYQrGp_6b2K4x94AaABAg,@STAY_4_EVA_STRAYKIDS,NOO I WAS THERE 2 WEEKS AGO : (,1,2025-11-15T20:32:59Z,2025-11-15T20:32:59Z
HgBnf_IcLKk,UgwUSRnt7FuzZflQU4Z4AaABAg,@kymberlyn420,Happy Pepero day ❤,4,2025-11-15T19:36:07Z,2025-11-15T19:36:07Z
HgBnf_IcLKk,UgxNbhunn-WkckkZqjd4AaABAg,@B1ackr02e18,What the shibal how did I not hear?!?!?! I need more updates nd I bet my mom knew!,16,2025-11-15T03:32:16Z,2025-11-15T03:32:16Z
HgBnf_IcLKk,UgxVm9sFVPf-Y8vMmLN4AaABAg,@Blink4ever-l8s,WHERE HOW DID I MISS THISSSSSS😢😢😢,9,2025-11-15T00:17:11Z,2025-11-15T00:17:11Z
HgBnf_IcLKk,Ugx3kvESAH2WtHXcTQ14AaABAg,@Amiraaa143,SHIBAL MY LIFE WHY WHY WHY. IS THIS GONNA HAPP3N AGAIN?,5,2025-11-14T23:53:28Z,2025-11-14T23:53:28Z
HgBnf_IcLKk,UgzQMMHZouUUxfII-mZ4AaABAg,@btstakescareofmewhenimsick,When was this? How i miss it? 😭,4,2025-11-12T12:47:36Z,2025-11-12T12:47:36Z
X0KQ_hNAntc,UgynQBtXl-u9nrCeSYB4AaABAg,@mfaizalakbar9954,Promo Shopee 11.11 bang,0,2025-11-12T03:04:41Z,2025-11-12T03:04:41Z
X0KQ_hNAntc,UgwYWfdqggeLtqHtTox4AaABAg,@LeeKnowsclawclipper,In Poland it's independence day 😋,1,2025-11-11T23:41:03Z,2025-11-11T23:41:03Z
X0KQ_hNAntc,Ugx8ZQDfuBAEtV8_Xet4AaABAg,@chenanigans,That’s cute 😊,0,2025-11-11T21:11:25Z,2025-11-11T21:11:25Z
X0KQ_hNAntc,UgxfQ_nF9V-bu0V88NZ4AaABAg,@이은수-x6t,That’s so true..😂😂,0,2025-11-11T18:59:22Z,2025-11-11T18:59:22Z
X0KQ_hNAntc,UgxfYXe_S0xnyzA0lmt4AaABAg,@anna-lenag.6702,In Germany it's the start of the carneval season :D,1,2025-11-11T18:17:54Z,2025-11-11T18:17:54Z
X0KQ_hNAntc,UgyMoxfgqUCPMkHNX2h4AaABAg,@-ravi5452,I think he wanna eat pepero with you,0,2025-11-11T14:02:06Z,2025-11-11T14:02:06Z
X0KQ_hNAntc,Ugzy6r_64XvFmpbUWF54AaABAg,@totheeast-u6l,졸라 기여워 ㅎ 내게 오겠니,0,2025-11-11T07:20:38Z,2025-11-11T07:20:38Z
X0KQ_hNAntc,Ugzj0wDcGp6IoMxYGLl4AaABAg,@daYeoxall,"In fact, Pepero Day was created by a place called Lotte and was originally known as Farmers' Day.😅",5,2025-11-11T07:10:38Z,2025-11-11T07:10:38Z
X0KQ_hNAntc,UgzERClo-BTZrkMe0tJ4AaABAg,@romanseveran,Vampyr!!,0,2025-11-10T23:41:09Z,2025-11-10T23:41:09Z
X0KQ_hNAntc,Ugzz84HKfOky00h30WR4AaABAg,@MrKikaaaxd,It’s single’s day in China and it equals to big shopping. Think Black Friday but better. And national holiday in my county 🙂,0,2025-11-10T21:43:43Z,2025-11-10T21:43:43Z
S1TrPWm25vo,UgyrLFs2uKkqNjeNEmB4AaABAg,@UnculturedGuys,Which flavor is your favorite??,4,2025-11-10T07:20:37Z,2025-11-10T07:20:37Z
S1TrPWm25vo,UgyWA57vLBPbSI33L8F4AaABAg,@Girl_written_by_chan,AHHHH STRAY KIDSSS,1,2025-11-14T17:33:20Z,2025-11-14T17:33:20Z
S1TrPWm25vo,UgyXfrKwgoUUL-uyMyZ4AaABAg,@EvíeStay4ever-e7v,What shops is this being sold in. In the UK,2,2025-11-10T18:32:43Z,2025-11-10T18:32:43Z
S1TrPWm25vo,UgyMbIvoB0yWnH1EnC14AaABAg,@laurafernandez4046,stray kidssssssssssssssssssssssssssssssssssssssssssssssssssssssssssssssssssssssssssssssssssssssssssssssssssssssssssssssssssssssssssssss,0,2025-11-10T15:46:19Z,2025-11-10T15:46:19Z
hht0QES_sF0,UgyIzaq4Nty5SWzLSnZ4AaABAg,@EliskaLiska-x6l,A kde to je?,0,2025-11-12T16:40:05Z,2025-11-12T16:40:05Z
hht0QES_sF0,UgzHNpkcpytKh1W6UyJ4AaABAg,@markettawinston7235,My sister was literally like right where you were,1,2025-11-12T04:41:39Z,2025-11-12T04:41:39Z
5T1bzZqzqXc,UgwwpUYjd27W_m5F7TN4AaABAg,@آنیتاحیدری-ل8ح,من کره را خیلی دوست دارم 😢❤,0,2025-11-15T06:34:30Z,2025-11-15T06:34:30Z
5T1bzZqzqXc,UgwKWkWcopkpN5gZog94AaABAg,@coymills964,The crunky is my favorite.,4,2025-11-12T01:59:28Z,2025-11-12T01:59:28Z
5T1bzZqzqXc,UgwY4N0iUwmf6SLfcXp4AaABAg,@waimanting2017,偶像寄俾你？,6,2025-11-11T15:30:09Z,2025-11-11T15:30:09Z
KUPM3prKTg0,UgzFI_7JkUw8tAWmrm54AaABAg,@fladam-flower,"플라담 샤넬 꽃다발 구매는
네이버 검색창에 ""플라담"" 을 검색해주세요 ~

https://mkt.shopping.naver.com/link/6840d1399a061e3f9cefcef0",0,2025-10-20T00:11:00Z,2025-10-20T00:11:00Z
QW2bmKKTGPA,UgyTeFZO3LKvnJtOP5d4AaABAg,@케로hi,바가지빼빼로,0,2025-11-18T23:42:39Z,2025-11-18T23:42:39Z
QW2bmKKTGPA,UgzvqL9U76GdT_k4Xsl4AaABAg,@Slava_Ukraini_791,"제과 회사 너무 양아치임.
가격이 너무 비싸.",0,2025-11-18T23:42:15Z,2025-11-18T23:42:15Z
QW2bmKKTGPA,UgxrykoVN4rDLG87jph4AaABAg,@박영기-l3g,초딩때나.....,0,2025-11-18T23:34:24Z,2025-11-18T23:34:24Z
QW2bmKKTGPA,UgwpD1J8nAr_6_t-NkV4AaABAg,@초이셀,가격도 가격인데 먹거리 넘쳐나는 시대에 빼빼로가 뭐 특별히 맛나나요...,0,2025-11-18T22:45:30Z,2025-11-18T22:45:30Z
QW2bmKKTGPA,UgxAt-OeJTCq1q4CF994AaABAg,@carrelcarrel,기업 상술에 왜 내가 희생해야하는건데 ㅋ,0,2025-11-18T21:50:36Z,2025-11-18T21:50:36Z
QW2bmKKTGPA,UgxepfHJJ9BEvSGqJKF4AaABAg,@허핑턴,당스파이크 모르나,0,2025-11-18T19:46:04Z,2025-11-18T19:46:04Z
QW2bmKKTGPA,UgwjRLN-LVTwoAEI5jh4AaABAg,@알망부자,상술인거알아서 안삼,1,2025-11-18T18:49:36Z,2025-11-18T18:49:36Z
QW2bmKKTGPA,UgyE_u9MOrODTEPefml4AaABAg,@MyKimjae,너무 비싸게 팔더라.,0,2025-11-18T18:16:28Z,2025-11-18T18:16:28Z
QW2bmKKTGPA,UgzEolDUxwQsvue4m0t4AaABAg,@asonewishes,빼빼로데이때 할인도 같이하면 좀 좋냐,0,2025-11-18T16:54:53Z,2025-11-18T16:54:53Z
QW2bmKKTGPA,UgwlwNV01-kJLh03rsp4AaABAg,@bogom2305,"빼빼로 사서줄바엔 밥이나 커피나 사주고말지 
없애 버려 이제 저딴데이는",1,2025-11-18T16:47:48Z,2025-11-18T16:47:48Z
ysvqbbpJIK4,Ugyqo9x0nVqA1lE8ufN4AaABAg,@hongcha_._,"4:45 오늘 썸녀&소개팅녀에게 빼빼로 주기 전에, 빼빼로 기프트콘 주기 전에 보면 좋습ㄴㅣ다!!!!!!!!!!!!!!!!! * 물론 될놈될",8,2025-11-11T05:57:36Z,2025-11-11T05:58:07Z
ysvqbbpJIK4,Ugx97PzDWy3tkHkTEyF4AaABAg,@IQ20626,29살이 되어서야 부랴부랴 여자를 사귀어 보려고 하는데 안 되네요. 연애가 너무 하고싶은데,0,2025-11-17T11:06:03Z,2025-11-17T11:06:03Z
ysvqbbpJIK4,Ugx3DDOWgM0-0H8RbaB4AaABAg,@google_Alphabet,"이번에 그냥 빼빼로두개랑 퇴근길에 꽃 한다발5천원에 팔길래
그날 만나기가 어려워 집 문앞에 두고 왔는데 많이 좋아하더라",0,2025-11-16T13:00:50Z,2025-11-16T13:00:50Z
ysvqbbpJIK4,Ugxc6FWgsznFIoOyIGZ4AaABAg,@이군-z4c,어이구...여자랑 눈마주치면 결혼하자는건지 고민사연으로 올릴놈이네...한심하다,0,2025-11-12T08:29:41Z,2025-11-12T08:29:41Z
ysvqbbpJIK4,Ugxcuf8c0cXX0eCMMsV4AaABAg,@seunghwanhong6061,나도 모쏠인데..요즘 너무 걱정돼!!!ㅋㅋㅋㅋㅋㅋㅋ,0,2025-11-12T06:10:07Z,2025-11-12T06:10:07Z
ysvqbbpJIK4,UgzIkobhZGEaY_Ax_kB4AaABAg,@잘놀다갑니다-o9u,"30대중반 모쏠...오늘 소개팅 사프터까지 하고 까였다! ㅋㅋㅋㅋㅋㅋㅋ
그래도 빼빼로 깊티는 안줬따...ㅎㅎ",7,2025-11-11T14:46:30Z,2025-11-11T14:47:01Z
ysvqbbpJIK4,UgxcB2hEG5eN432_mUt4AaABAg,@좋은사람-g9n,오늘 외모 폼 미🤭🫢🫢,1,2025-11-11T10:29:37Z,2025-11-11T10:29:37Z
ysvqbbpJIK4,Ugze5N1cftsXEesGjOB4AaABAg,@꽃나무,반말해도 호감으로 느껴질 정도면 그 여자가 좀 이뻤던듯,3,2025-11-11T10:06:42Z,2025-11-11T10:06:42Z
ysvqbbpJIK4,Ugw28XlpGLcwU3b-veN4AaABAg,@진우-m7b,홍차님같은 연상누나 만나고싶다,5,2025-11-11T09:31:14Z,2025-11-11T09:31:14Z
ysvqbbpJIK4,Ugy29BhLkmcQFgw3vaR4AaABAg,@ojkms1,친구 아닌이상 반말이 친한 게 아니지.  천박한 거지.,1,2025-11-11T07:19:02Z,2025-11-11T07:19:02Z
Wi-XMSuyS7w,UgwcgrLSYXC5MltNn0x4AaABAg,@bbiu_homebaking,"올해도 귀엽고 쉬운 빼빼로 준비해왔어요!!💝✨
궁금하신 점이 있으시다면 편하게 남겨주세요 (*ˊᵕˋ*)ﾉ🤎",26,2025-11-07T11:13:52Z,2025-11-07T11:13:52Z
Wi-XMSuyS7w,Ugwq3YY1ii2ZnBJx93R4AaABAg,@ShehdhWjejd,"미친 재료까지ㅠㅠㅠㅠ
짤주머니도 알려주시고 진짜 감사해요
다이소 재료로 크리스마스 간단 디저트 만드는 것도 꼭 올려주세요!! 구독할게요",0,2025-11-13T11:53:58Z,2025-11-13T11:53:58Z
Wi-XMSuyS7w,UgyBjXc4ZSAGAFeXvQV4AaABAg,@고래-c9g,삐유 승생님.... 3년째 저의 빼빼로데이를 빛나게 해주셔서 감사합미다.... ❤️ 진짜 천재이신ㄴ가요....!?!ㅠㅠㅠ🥹🥹🥹🥹 덕분에 항상 좋은 아이디어 얻어가요 삐유님 감사합니다아아ㅠㅜㅜㅜㅜㅜㅜㅜ💙,1,2025-11-13T08:37:07Z,2025-11-13T08:37:07Z
Wi-XMSuyS7w,UgwAMJ4X5po6VX224Ed4AaABAg,@dyiop._.26,옛날에 빼빼로 만든다고 실패해서 똥손인 나는 그뒤로 빼빼로 안만든다고 한다 😊,0,2025-11-11T23:10:17Z,2025-11-11T23:10:17Z
Wi-XMSuyS7w,UgytVE_wCs_KIySiBCd4AaABAg,@choco5174,다이소 초콜릿 맛은 괜찮나용 ㅎㅎ,0,2025-11-11T15:39:41Z,2025-11-11T15:39:41Z
Wi-XMSuyS7w,Ugxb1Ti4F3OsWp7dnud4AaABAg,@p0cari,저 죄송한데여 말차 시러하면 어떡하죠 초코 데코 파우더가 있을까여 아니면 초코만 쓰면 되나ㅏ........ 이번주말에 주기로해서 ㅠㅠㅠㅠㅠㅠㅠㅠ,0,2025-11-11T14:55:13Z,2025-11-11T14:55:13Z
Wi-XMSuyS7w,UgwswXQ5m9rka9zCKw54AaABAg,@설-t5c,가나디 그냥 냉장고 안에 넣지 않아도 다 굳나요..?,1,2025-11-11T10:06:51Z,2025-11-11T10:06:51Z
Wi-XMSuyS7w,UgyV1fX8I2UFNp1cVLl4AaABAg,@강찜27,덕분에 완전 쉽고 싸고 귀엽게 만들었어요!!가나디 빼빼로 세젤귀❤❤❤ 감사합니당♡,1,2025-11-11T05:30:34Z,2025-11-11T05:30:34Z
Wi-XMSuyS7w,UgxQj5SzN3GV0fYnOMp4AaABAg,@user-ty6nn1yu2y,다이소애 가서 비닗사야해 아자아자,0,2025-11-11T04:45:07Z,2025-11-11T04:45:07Z
Wi-XMSuyS7w,UgyGbNfJGgleOW3r8AV4AaABAg,@Jangnankkam,너무 뀌여워요!!!!!!!,0,2025-11-11T04:35:56Z,2025-11-11T04:35:56Z
I2zw62IBfCg,UgwLxK7v_ghNJojHfYR4AaABAg,@haeyoungchoi8644,❤❤❤❤❤❤,0,2025-11-17T20:57:28Z,2025-11-17T20:57:28Z
I2zw62IBfCg,Ugwdmu8tZFYVar-FiVl4AaABAg,@JM-gz3tv,저녁에 만든다음.. 다음날 가져가려면 냉장보관하몀 될까요?,0,2025-11-10T05:49:06Z,2025-11-10T05:49:06Z
I2zw62IBfCg,UgzpnyhkO1RGca99yIh4AaABAg,@zacharywong483,"Those look absolutely incredible! Super lovely job here, as always!",0,2025-11-10T04:00:52Z,2025-11-10T04:00:52Z
I2zw62IBfCg,Ugyp5KL4KKYktQURAq14AaABAg,@일등-p7l,신박한 아이디어~~♡♡,0,2025-11-07T15:04:04Z,2025-11-07T15:04:04Z
I2zw62IBfCg,UgxfQSVWWE6RiiGo6KB4AaABAg,@박지혜-p3u,전자렌지없는데 오븐에잠시넣었다뺏다해도될까요..된다면 온도는어느정도해서하면될지요,0,2025-11-07T11:37:06Z,2025-11-07T11:37:06Z
I2zw62IBfCg,UgxwsPSQdCHIkBm-0zl4AaABAg,@c3y1y,탈지분유 없어도 괜찮을까요..,0,2025-11-07T10:13:03Z,2025-11-07T10:13:03Z
I2zw62IBfCg,UgwXwIKgbfxKpP4dRo54AaABAg,@nayeon90820,이 쫀득함이 얼마나 가나요~~,1,2025-11-07T06:28:18Z,2025-11-07T06:28:18Z
I2zw62IBfCg,UgxWrOAGgtP7RX7p9eZ4AaABAg,@Chacha55550,포장봉투 사이즈 공유부탁드려요,0,2025-11-07T01:25:54Z,2025-11-07T01:25:54Z
I2zw62IBfCg,Ugz0X36y3XM3yDiXp1t4AaABAg,@Stella-io3gr,이런 생각은 어떻게 떠오를까요?진짜 천재만재십니다👏👏👏,1,2025-11-06T07:14:47Z,2025-11-06T07:14:47Z
I2zw62IBfCg,UgxTvQCJF4--jO4I_n14AaABAg,@yh0407,버터 꼭 넣어야 하나요?,0,2025-11-06T06:51:45Z,2025-11-06T06:51:45Z
BBEmXYIeXsQ,UgxeydlZzHtvewQYTlN4AaABAg,@Aruaaaaaaaaaaaaaaaaaaaaaaaaaaa,유화님은 빼빼로 드실때마다 *꼴릿* 소리가 나는건가요,91,2025-11-11T12:05:12Z,2025-11-11T12:05:22Z
BBEmXYIeXsQ,UgzMuEEdm8LvG-d0_Mt4AaABAg,@권지율-f8p,빼빼로데이보다 화이트데이가 더 ㅇF한데..........❤,0,2025-11-15T13:27:40Z,2025-11-15T13:27:40Z
BBEmXYIeXsQ,Ugw4cTx4SjuUrQETPG94AaABAg,@user-by1yd1bb8d,이런미친 보추박이,0,2025-11-15T01:15:47Z,2025-11-15T01:15:47Z
BBEmXYIeXsQ,UgwKvdj8bTWOuB53eO14AaABAg,@치킨마요김치찌개정식,대발기했다,0,2025-11-14T21:01:05Z,2025-11-14T21:01:05Z
BBEmXYIeXsQ,UgzY3DdECajOVklLIbp4AaABAg,@ryu_life06,가능,0,2025-11-14T17:06:01Z,2025-11-14T17:06:01Z
BBEmXYIeXsQ,UgwPAtXMFgQEscctaKd4AaABAg,@서민수-0315,잠시만요 남고라며...!,0,2025-11-14T00:45:15Z,2025-11-14T00:45:15Z
BBEmXYIeXsQ,UgwdEKc6r8E10JcKCkN4AaABAg,@펩시-g3s,😮,0,2025-11-13T19:07:05Z,2025-11-13T19:07:05Z
BBEmXYIeXsQ,UgyfusFZLvZ3j167isJ4AaABAg,@thephasigen,What do I need to do to rail this korean twink?,0,2025-11-13T17:45:48Z,2025-11-13T17:45:48Z
BBEmXYIeXsQ,Ugx0_Mk_9IR1BGzunV54AaABAg,@익명1293,"후... 다시 해보실까?





초코,아몬드,초코필드(누드),화이트쿠키,초코,쿠키,크런키,스트로베리,스트로베리 쿠키,제주 감귤,치즈,불고기,코코넛,레몬 치즈 누드,에어,블랙,호두,하미멜론,헤이즐넛,티라미스 치즈,빼빼로 프리미어,블루베리 요거트,벚꽃향,땅콩,더블딥 초코 화이트,다크,더 슬림,스키니,더블딥 딸기,더블딥 요거트,더블딥 카페라떼,루드 로즈 블랙티,더블딥 고구마,더블딥 체리,단짠 크런치,더블딥 리치초코,카카오닙스/더블딥 깔라만시 상큼요거트,바닐라 블랙 쿠키,누드 녹차,스키니 카카오,우리쌀,돼지바,더블딥 인절미맛,더블딥 달고나맛,빼빼로팝,누드 치즈,누드 크림치즈,크런키 그래놀라,빼빼로 초코 젤리,빼빼로가 품은 꼬깔콘,빼빼로 죠스바,빼빼로가 품은 월드콘,빼빼로 해남 녹차,빼빼로 해남 고구마,빼빼로 남해 유자,빼빼로 인절미 팥빙수,말차,스노위 아몬드,빼빼로바,널디,빼빼로빵,델라페,커피맛,땅콩크림,롱 씨리얼 스틱 빼빼로,더블 누드,
(쎄싸미 화이트 = 백통깨맛)
(전병/캐러멜 전병 1/2/3/4 / 5.빅 크런치)",0,2025-11-13T14:04:54Z,2025-11-13T14:05:09Z
BBEmXYIeXsQ,UgxQjWmFSriIJflEdLJ4AaABAg,@아연-z4r,아 내가 이럴줄알았어 설마 빼빼로데이라서 빼빼로로하는 영상 올라온건 아니겠지하고 채널들아왔는데…,0,2025-11-13T13:48:40Z,2025-11-13T13:48:40Z
IJNF7Yy8bAw,UgyuOeKsSGoBamUNdRV4AaABAg,@올댓스위츠,"🍫 빼빼로 만들 때 하지 말아야 할 것 6가지

1. 초코펜 너무 뜨거운 물에 녹이지 말기 (ex. 끓는 물에 담그기 ❌)
→ 온도가 너무 높으면 초코가 묽어져 팔·다리 접착이 어려워져요

2. 코팅용 초콜릿에 물 절대 닿지 않기 (수증기도 조심!)
→ 물이 들어가면 초콜릿이 하얗게 얼룩덜룩해져요

3.  코팅용 초콜릿도 너무 뜨거운 물에 녹이지 말기
→ 기름층이 분리되어 표면이 하얗게 떠보이고, 
초코펜으로 미리 붙여둔 팔다리가 떨어질 수 있어요
✅ 60~70℃ 물에 중탕으로 녹인 후
30~40℃ 정도 온도일때(미지근 할때) 사용하기

4. 코팅 후 대충만 털지 말기
→ 초콜릿을 충분히 털어내지 않으면뒷통수나 몸통 주변에 흘러내린 채로 굳어요

5.  코팅 후 냉장/냉동 보관 금지
→ 내부(앵두콘)가 수축되며 표면에 크랙(갈라짐)이 생겨요

6. 눈은 꼭 작!게! 그리기 👀
→ 너무 크면 귀엽기보다 무섭게 보여요 😂
초코펜은 섬세한 작업이 어려우니 이쑤시개를 사용하거나
코르네를 만들어 녹인 초콜릿을 담아 사용하세요!

📍코르네만들기 영상 보러가기
https://youtu.be/D7faeEc5C0U



🛒 사용한 재료 (모두 다이소 구매 / 품번 포함)

앵두콘 (921556557)
참깨스틱 (120400494)
챠챠 해바라기씨 (955960247)
꾀돌이 (926940063)

🍫 코팅용 초콜릿
밀크 50g (921440109)
딸기 100g (921440151)
화이트 100g (921440142)
(선택) 발로나 이보아르 각 30g씩, 총 90g 추가 가능 (쿠팡 구매)
👉 저는 약 15개 내외 만들었고, 100g 한 봉지씩으로 충분했어요.
더 많이 만들 분들은 각 200g(2봉지)씩 구매 추천!

✏ 데코펜 (초코펜)
다크 / 화이트 / 레드 (926940911)
(데코펜이 없다면 코팅용 초콜릿을 코르네에 담아 사용해도 OK)

🎁 포장재
사각 포장 상자 (1028349)
포장 OPP 비닐 (6×20) (1007076)



올해도 빼빼로데이가 돌아왔어요!
작년에 빼빼로데이는 얼굴만 있었다면 올해는 귀여운 몸통까지.. 
귀여움 두 배 업그레이드!! ㅎㅎ
열심히 준비한 영상이니 오늘도 영상 즐겁게 시청해주세요☺

궁금한점은 언제든 댓글로 편하게 물어봐주세요!❤



🔻올댓스위츠 빼빼로 시리즈 
📌아스파라거스 빼빼로 만들기 영상 보러가기
https://youtu.be/7V9MSgkr7UE

📌2024 빼빼로 만들기 영상 보러가기
https://youtu.be/vo5XzOtScfA


📣인스타그램  @a_t_sweets
https://www.instagram.com/a_t_sweets
✉비즈니스 문의 allthatsweets2724@gmail.com

🎬 Video Source Support: YouTube channel ""freeticon""",55,2025-10-28T03:32:44Z,2025-10-28T03:32:44Z
IJNF7Yy8bAw,UgzbBlzCO_lN1mZ4ydJ4AaABAg,@휘둥이-n4e,저는 참깨스틱 말고 누드 빼빼로로 했더니 초코 털다가 박살나고 포장하다 박살나고 난리였네요ㄷㄷ 다들 얘기하시는 것 처럼 꾀돌이 붙이는게 제일 어렵고 시간이 오래걸리더라구요😂😂 살짝 뜨거운 물에 했더니 초코펜이 한번 짜고 굳어버려서 다음 팔/다리 붙이질 못하고.. 뜨거운 물에 했더니 초코가 굳지를 않음... 초코 코팅도 초코가 묽어질정도로 녹여서 코팅위해 부으니 꾀돌이가 녹아서 떨어지고.. 좀 식혀서 코팅시키니 너무 덩어리지고ㅜㅜ 저는 포장까지 총 5시간 소요했지만.. 다들 너무 예쁘다고 칭찬해줘서 뿌듯했습니다ㅎㅎ 좋은 영상 감사해요ㅎㅎ❤,2,2025-11-12T11:24:03Z,2025-11-12T11:26:55Z
IJNF7Yy8bAw,UgxZmTku4PN6Hg82bf94AaABAg,@gwanoooooo,"동물들이 똥 길게싼거 같아요





사실 너무 이뻐요",1,2025-11-12T07:54:34Z,2025-11-12T07:54:52Z
IJNF7Yy8bAw,UgydWcBWDr26gdIocz14AaABAg,@녕-x3k,보기엔 쉬워보여서 남자친구 선물해주려고 도전했는데 오늘 느꼈습니다 저는 똥손이라는 것을,0,2025-11-10T17:52:25Z,2025-11-10T17:52:25Z
IJNF7Yy8bAw,UgxyIT5CxXz4c7moRIR4AaABAg,@메리-w2t,저 하루종일 만들었어욬ㅋㅋㅋ 똥손이라 그런가 앵두콘 끼우는 것부터 과자 여러개 부숴먹고 꾀돌이 붙이는 것도 쉽지 않았지만(코팅초코 온도 괜찮다고 생각했는데 좀 뜨거웠는지 초코 뭍히니까 떨어진 것도 있...🫠) 어찌저찌 완성했습니다ㅋㅋ 코팅초코 아무리 털어도 잘 안 굳어서 멀쩡한 완성품이 몇개 없는 게 아쉽네요ㅜㅜ 그래도 재밌었어요!,1,2025-11-10T11:18:40Z,2025-11-10T11:18:59Z
IJNF7Yy8bAw,UgyF9uwm68NJk4XRxpF4AaABAg,@냥미-g5b,완전 정성....!!,1,2025-11-10T10:20:17Z,2025-11-10T10:20:17Z
IJNF7Yy8bAw,Ugxi9jQGw0rlEX-UUH54AaABAg,@Rolls-Royce,"귀여운 동물 떵침 빼빼로!
이번 빼빼로데이에 꼭 만들어보려구요!",2,2025-11-10T00:58:04Z,2025-11-10T00:58:04Z
IJNF7Yy8bAw,UgxP1l80XshWwmiEjpl4AaABAg,@yeonlee7083,서툰 실력으로 영상보고 따라해봤는데 3시간 넘게 걸렸습니다…😅 다이소에서 쇼핑할 때만 해도 금방 할 수 있을 거라 생각했는데 해바라기씨 까는 것 부터 꾀돌이 붙일 자리 만드는 작업이 젤 오래 걸렸네요 ㅠ 다신 못할 것 같지만 덕분에 보람찼습니다..! 좋은 영상 감사합니다!,0,2025-11-09T12:10:38Z,2025-11-09T12:10:38Z
IJNF7Yy8bAw,UgxTSM3MGw9zKilLqKV4AaABAg,@정혜민-e2w,"이번년도엔 이거보고 만들었습니다! 빼빼로데이엔 못 만나는 장기라서 미리 줬어용 ㅎㅎ

재료는 다이소, 쿠팡, 세계과자점에서 재료를 샀고, 전 곰돌이 토끼 병아리 만들었습니다!🐤 

앵두콘 잘 보면 병아리마냥 오뚜기모양? 같은게 있는데 이건 노란 초콜릿 뭍이고 하트 스프링클로 부리랑 날개만들어서 추가했어요! 진짜 귀여운 병아리가 되니까 다른 분들도 한번 만들어보세요!! 한알만 끼우면 되니까 더 쉬워요!

곰돌이🧸는 앵두콘 구멍 뚫기, 귀 팔 다리 붙이기가 힘들더라고요,, 그래서 마지막 몇개는 팔다리도 해바라기씨 끼워서 만들었습니닷 ㅎㅎ.. 이거 나름 하찮아서 괜찮아요. 귀도 초코 코팅하고 없는거 알아서 뒤늦게 붙이고,, 없는것도 있고,, ㅎㅎ  이상하게 해도 다 귀엽더라고요! 팔다리 초코 굳는 시간 좀 걸리니까 냉각스프레이도 같이 사서 바로 굳이는게 시간절약되고 좋을거같아요! 다른분들은 더 쉽게 만드시길,,😂

얼굴도 정성스럽게 하다가 나중엔 힘들어서 테무산이 되어버렸지만,, 이거 나름 재밌어해서 만족합니다!

다이소 참깨스틱 탈탈 털어 만들고  남은 초콜릿은 프레첼초콜릿이랑 프레첼 병아라초코로 초코까지 탈탈 털어서 만들었습니다!

만들땐 재밌고 힘들지만 상대방이 재밌어하고 맛있게 먹는모습 보니까 뿌듯하네요!

아마 내년엔 더 다양하게 만들어서 주지않을까 싶어용. 좋은 영상 감사합니당👍💕💕",1,2025-11-09T09:42:34Z,2025-11-09T09:44:19Z
IJNF7Yy8bAw,Ugxc4xjA8HyF_JNyH9F4AaABAg,@이소혜-w4i,꺄 저 이거 만드랴고 재료 다삿어요 벌써 두근두근!!,1,2025-11-09T07:57:06Z,2025-11-09T07:57:06Z
CdyW6wIRQKM,Ugxs5S02lCnNwPWPHxt4AaABAg,@죠스91,"이재명이 다 알아서 해결해줄겁니다
걱정마세요!!!",0,2025-11-17T07:41:30Z,2025-11-17T07:41:30Z
CdyW6wIRQKM,Ugy2U-WjdH8L4e67bhN4AaABAg,@user-bsddfva,"아무리 여자를 잘 사귄다고 자랑하는 알파남들도

사실 연애를 극혐하지 않을까요

뇌는 여자인데 몸은 남자인 존재랑 정말 친해질 수 있겠는지

저는 만약에 주변에 그런 사람 있다면 성격 절대

안맞아서 서로 엄청 배척할 것 같습니다

솔직히 여사친도 같이 노는게 싫어요

이유가 저는 남자인데 저는 연애가 싫고 취미나 대화도 남자끼리가 더 재미있고 잘맞거든요

애초에 남자와여자가 취미나 관심사가 서로 잘맞는경우가 얼마나되나?

남자와 여자라는 존재자체가 서로

다른존재들인데 이래서 저는 여자랑노는거 재미없고

싫기만한데 연애도 서로 뭐가맞아야되는건데

저는 그동안 맞춰온기억밖에는 없네요 정말 불편하고

힘든 인간관계중 하나였어요

그리고 조심하세요 퐁퐁남들 중에서

자기가 여자잘사귀는줄알고 착각하며 잘난체 하는남자들 진짜극혐이고

유튜버들중에 연애강의도 사실 잘못된 정보가 많지않나요?

공주대우?매너? 스윗함?이런거 남자가 안해도

자기가 좋아하는 남자앞에서

함부로 감정쓰레기통+표독함 이런것들 하겠어요?

그랬다가는 오히려 남자의 호감을 잃을까봐 할수나있겠는지?

과연? 사람마음 다 인지상정아닙니까?

그리고 지금까지이야기한것들 말고도

그동안 소수를 제외한 다수의 한국여자에 대한 인식이 아래에 내가 쓴글에서 느껴지는거랑 비슷하지않을까?

생일잔치에 초대한적도 없는데 음식먹고싶어서 불청객으로 찿아와서는

선물도 안가져왓으면서 음식은 먹을라고하고

선물이란게 ""내가 노래불러줄께 그게 선물이야""

이러면서 민패끼치는 사람처럼느껴집니다

아니 누가 초대했냐고? 그리고

노래불러달라고했냐고?

아 진짜짜증확올라옴

난 과자 나눠먹었는데 상대는 얻어먹기만하고 표독스러움 부리는사람이있다면

난 그사람이랑 친구안하고

어울려봣을때 사상이상하거나 취미안맞아도 친구안합니다

그럼 저런여자들은 그럼 얼마나 희생적인 삶을 살았는지? 

근데 저는 여자한테는 희생해줄가치도 필요도 없다고 생각하거든요?

여자쪽에서 먼저 거래적으로 나오면 남자 쪽은 왜 그러면 안되나? 남자가 여자쪽에 뭐 빚이라도 졌나? 

왜 엮이고 희생해줘야하는거지? 

왜 가져다가 바쳐야 하는거지? 

저에 대한 반론으로 ""댓가로 

정서적인가치나 친밀감을 줫다""느니 그런거 거론하는 여자들 많은데 

제가 말했잖아요 여자랑은 솔직히 싫다고 그리고 누가 달랬어?
그리고 누가 너랑 그런거 하고싶댔어?

내가말했지? 난여자랑은 취미나 취향같은게 너무안맞아서 

여자가 그냥 싫다고...

그렇게따지면 남자도 여자에게  정서적가치나 친밀감등을 더준거 아니야?

어울려도 취미맞는사람 내가 이정도 희생했으면 상대도 그정도 희생하는사람 

그래야 동지애가있는거지

여자들이야말로 정말 남자사랑하면 헌신적으로 되 모성애는아니지만 

모성애비슷한 심리가 원래 여자의 사랑 아닌가?

내말 틀린가?

그리고 감성남 매너남 스윗남 좋아한다는 말에 저는 안속습니다

여자 만나보고도 현실을 살아보고도 다른분들은 못느끼시나요? 

매너? 스윗남? 감성남? 과거 이랬던 제 모습을 떠올려보면 

정말 웃기고 내 자신이 역겨워지고 화납니다 

저는 살아오며 수많은 연애를 하며 진짜 저도 뼈저리게 느꼇습니다 베타남이 스윗하고 매너있으면 

오히려 깔본다는말... 

제가 베타남이었습니다 알파남이일단 아니면 매너도 뭐도 다소용없어요 

취집용비슷하게 희생되는 사랑없는 도축용 

연애나 결혼은가능 하겠죠?또는 감정쓰레기통이나 가지고놀 장난감은 필요하겠죠?그런거 대다수 여자들이 은근히 즐기지않나요? 안그런여자 별로없잖아요?

남자가 누가됫든간에 그런대상 필요로 하지않나요?

심리가 심심하니까 만나고 언제라도 헤어지고 

스토킹무고같은거 하면서 즐기는여자들 많던데요?

(남자가 진짜 스토커가 아니라 여자가 헤어지자는 말하면
깨끗하게 관계끝내는 남자에게 잠수이별해놓고 
남자입장에서는 무슨일있나? 왜 카톡 전화해도 응답없나

직접찿아가면 눈치없다며 화내거나 
스토킹 피해자코스프레)

그리고 돈없는남자도 연금분할은 대상아니에요?

이런 여자들 진짜 남자가지고 장난하지마요

그냥 여자들 남친 사귈능력 안되는 애들도 

저같은 베타남 사귀면서

사람들한테는 하도 쫒아다니니까 문제일으키기싫어서사귀는척하며 

돈뜯는중이다 나한테 돈잘쓴다 (나 이정도로 남자들이 쫒아다니는 매력있는 여자야 자랑)이러면서 

자랑하는 여자들 많습니다",0,2025-11-16T16:59:55Z,2025-11-16T16:59:55Z
CdyW6wIRQKM,Ugz0uduMlOv4lnllGg94AaABAg,@끼야호홓,정도껏 끼워팔아야지 ㅋㅋㅋㅋㅈㄴ비싸자나 인형이니뭐니 ㅋㅋ포장지만 크고,0,2025-11-16T11:03:36Z,2025-11-16T11:03:36Z
CdyW6wIRQKM,UgxY2fAgXJhRjOHvUx54AaABAg,@Comad-w2m,고작 빼빼로 하나에 2천원하니까 안팔리지 천원이던게 언제 2천원됨?,0,2025-11-16T00:01:19Z,2025-11-16T00:01:19Z
CdyW6wIRQKM,UgzQbgjXb9BjjKug1QR4AaABAg,@junse6767,카카오톡 선물 보낼라다가 작년 1100원 현재 1800원 그냥 포기했지 ㅇㅇ,0,2025-11-15T16:57:26Z,2025-11-15T16:57:26Z
CdyW6wIRQKM,Ugy1JwDcMiYyC_VaW_x4AaABAg,@김하영-b7v,빼빼로 데이 열풍 그래도 열기 남아있다 느낀게 중고딩들 다이소에서 수제 빼빼로 만든다고 초콜릿이랑 막대 사고 있더라 그냥 빼빼로가 양도 점점 줄어가는데 가격이 엄청 높아지고 그래서 안사는거임1000원 그대로 계속 팔았어도 빼빼로 양이 엄청 엄청 줄어서 마진은 많이 남았을 거임 그냥 기업의 욕심이 너무 과다해서 가격을 올리고 양을 너무 줄여서 그런거임 롯데 반성해라,0,2025-11-15T16:04:53Z,2025-11-15T16:04:53Z
CdyW6wIRQKM,Ugxu9fqIiqjyoasQ6LZ4AaABAg,@부엉이-e2q,빼빼로 사먹을 돈도 없다 이게다 더불어 민주당 때문이다,1,2025-11-15T03:53:26Z,2025-11-15T03:53:26Z
CdyW6wIRQKM,Ugzq9-kPLR9SP81RMSV4AaABAg,@an81500,"양이 적다 그리고 가격이 비싸다.
굳이라는 생각이",0,2025-11-15T01:40:08Z,2025-11-15T01:40:08Z
CdyW6wIRQKM,Ugz3oU0LgLL-wFJ5y9d4AaABAg,@김형태-b8v,"빼빼로데이 열풍은 이제 옛말되는게 아닐까 싶을정도로 점점 더 사그리지않을까 싶네요 초등학생도 빼빼로데이 크게 신경안쓰는데요
비싸구 친구주려면 최소 5개이상사는것도 부담되는데 
누구는 주고 누구는 안주면 섭섭하니
안사는게 정답이죠",4,2025-11-14T16:41:04Z,2025-11-14T16:41:04Z
CdyW6wIRQKM,UgwC6KR42QjK3PRxx5p4AaABAg,@정휘김-f6g,이런건 제발 사라져야해 먹지도 않으면서 나눠주고받고 지랄염병을,1,2025-11-14T13:28:41Z,2025-11-14T13:28:41Z
jmzniG4onxY,Ugz9aSWdjJctube7aoN4AaABAg,@배라소니-f9q,베트남 사람인가요??,0,2025-11-10T14:09:50Z,2025-11-10T14:09:50Z
jmzniG4onxY,UgwWyxo9BGc_4c3oH9l4AaABAg,@poongnyoun,와 진짜 관심없음 안뜨기 그렇게 누르는데도 계속 뜨네;;;,1,2025-11-10T05:56:39Z,2025-11-10T05:56:39Z
jmzniG4onxY,UgwL__DYJD2tAwY_oE14AaABAg,@제나-q4e,마스크나 끼셈 더러워죽겠네 웩,0,2025-11-09T12:19:02Z,2025-11-09T12:19:02Z
jmzniG4onxY,Ugxn1Dumpgkbk92Sj1J4AaABAg,@솜소금빵,너무 뭐라하시는것같은데ㅠ 사장님 힘내세요!!!,0,2025-11-09T07:57:06Z,2025-11-09T07:57:06Z
jmzniG4onxY,UgxncD_HOlKDtGX90BZ4AaABAg,@더쿠더쿠-o8e,마시멜로우 피를 좀만 더 얇게 해보세요!!,1,2025-11-08T16:38:21Z,2025-11-08T16:38:21Z
jmzniG4onxY,Ugw3cyAMl1J54GVjZUh4AaABAg,@giji2o,그래도 팔 제품 앞에서는 마스크 쓰셔야 하지 않나요?,0,2025-11-07T12:12:04Z,2025-11-07T12:12:04Z
jmzniG4onxY,UgzLprpJEXjPU654SJJ4AaABAg,@송라희-f2z,돈 많이 벌고싶으면 ㄱㄱ,1,2025-11-05T12:10:56Z,2025-11-05T12:10:56Z
jmzniG4onxY,UgwBIlGY7Ix6oe_IYxl4AaABAg,@Pzkz-51,몬트쿠키 두바이 쫀쿠 ㅈㄴ마딛는데 (가격은좀..눈물나지만) 악플왤케많지?? 이해안되네,0,2025-11-03T16:23:24Z,2025-11-03T16:23:24Z
jmzniG4onxY,UgwOmcFZKAuk9HJ0luJ4AaABAg,@테스안,"그래두 조금씩 쉬면서 만드세요~~
건강도 챙기면서요❤❤❤",0,2025-11-02T09:56:35Z,2025-11-02T09:56:35Z
jmzniG4onxY,Ugzu8UEzywDlybtZjw54AaABAg,@user-fk5mh1cd7z,댓글들 왤캐 날카로움?,22,2025-11-01T12:48:23Z,2025-11-01T12:48:23Z
